"mesure_id","annee","mois","jour","heure","minute","valeur","unite","camera_id"
1,2025,8,16,22,15,"88.7","px moyen","SIM1"
2,2025,8,16,22,15,"87","px min","SIM1"
3,2025,8,16,22,15,"90","px max","SIM1"
4,2025,8,16,22,30,"99.47777777777777","px moyen","SIM1"
5,2025,8,16,22,30,"96","px min","SIM1"
6,2025,8,16,22,30,"104","px max","SIM1"
7,2025,8,16,22,30,"90","count sample","SIM1"
8,2025,8,16,23,30,"72.02222222222223","px moyen","SIM1"
9,2025,8,16,23,30,"23","px min","SIM1"
10,2025,8,16,23,30,"86","px max","SIM1"
11,2025,8,16,23,30,"90","count sample","SIM1"
12,2025,8,17,0,30,"89.47777777777777","px moyen","SIM1"
13,2025,8,17,0,30,"64","px min","SIM1"
14,2025,8,17,0,30,"94","px max","SIM1"
15,2025,8,17,0,30,"90","count sample","SIM1"
16,2025,8,17,1,0,"82.06666666666666","px moyen","SIM1"
17,2025,8,17,1,0,"42","px min","SIM1"
18,2025,8,17,1,0,"95","px max","SIM1"
19,2025,8,17,1,0,"90","count sample","SIM1"
20,2025,8,17,1,30,"44.13333333333333","px moyen","SIM1"
21,2025,8,17,1,30,"0","px min","SIM1"
22,2025,8,17,1,30,"91","px max","SIM1"
23,2025,8,17,1,30,"90","count sample","SIM1"
24,2025,8,17,2,0,"97.91111111111111","px moyen","SIM1"
25,2025,8,17,2,0,"84","px min","SIM1"
26,2025,8,17,2,0,"104","px max","SIM1"
27,2025,8,17,2,0,"90","count sample","SIM1"
28,2025,8,17,2,30,"92.66666666666667","px moyen","SIM1"
29,2025,8,17,2,30,"84","px min","SIM1"
30,2025,8,17,2,30,"103","px max","SIM1"
31,2025,8,17,2,30,"90","count sample","SIM1"
32,2025,8,17,3,0,"100.04444444444445","px moyen","SIM1"
33,2025,8,17,3,0,"88","px min","SIM1"
34,2025,8,17,3,0,"119","px max","SIM1"
35,2025,8,17,3,0,"90","count sample","SIM1"
36,2025,8,17,3,30,"99.61111111111111","px moyen","SIM1"
37,2025,8,17,3,30,"93","px min","SIM1"
38,2025,8,17,3,30,"107","px max","SIM1"
39,2025,8,17,3,30,"90","count sample","SIM1"
40,2025,8,17,4,0,"104.6","px moyen","SIM1"
41,2025,8,17,4,0,"93","px min","SIM1"
42,2025,8,17,4,0,"124","px max","SIM1"
43,2025,8,17,4,0,"90","count sample","SIM1"
44,2025,8,17,4,30,"29.2","px moyen","SIM1"
45,2025,8,17,4,30,"0","px min","SIM1"
46,2025,8,17,4,30,"83","px max","SIM1"
47,2025,8,17,4,30,"90","count sample","SIM1"
48,2025,8,17,5,0,"80","px moyen","SIM1"
49,2025,8,17,5,0,"77","px min","SIM1"
50,2025,8,17,5,0,"83","px max","SIM1"
51,2025,8,17,5,0,"90","count sample","SIM1"
52,2025,8,17,5,30,"108.5","px moyen","SIM1"
53,2025,8,17,5,30,"108","px min","SIM1"
54,2025,8,17,5,30,"110","px max","SIM1"
55,2025,8,17,5,30,"90","count sample","SIM1"
56,2025,8,17,6,0,"126.05555555555556","px moyen","SIM1"
57,2025,8,17,6,0,"116","px min","SIM1"
58,2025,8,17,6,0,"144","px max","SIM1"
59,2025,8,17,6,0,"90","count sample","SIM1"
60,2025,8,17,6,30,"105.63333333333334","px moyen","SIM1"
61,2025,8,17,6,30,"105","px min","SIM1"
62,2025,8,17,6,30,"107","px max","SIM1"
63,2025,8,17,6,30,"90","count sample","SIM1"
64,2025,8,17,7,0,"105.53333333333333","px moyen","SIM1"
65,2025,8,17,7,0,"104","px min","SIM1"
66,2025,8,17,7,0,"107","px max","SIM1"
67,2025,8,17,7,0,"90","count sample","SIM1"
68,2025,8,17,7,30,"107.54444444444445","px moyen","SIM1"
69,2025,8,17,7,30,"106","px min","SIM1"
70,2025,8,17,7,30,"110","px max","SIM1"
71,2025,8,17,7,30,"90","count sample","SIM1"
72,2025,8,17,8,0,"144","px moyen","SIM1"
73,2025,8,17,8,0,"144","px min","SIM1"
74,2025,8,17,8,0,"144","px max","SIM1"
75,2025,8,17,8,0,"90","count sample","SIM1"
76,2025,8,17,8,30,"133.87777777777777","px moyen","SIM1"
77,2025,8,17,8,30,"121","px min","SIM1"
78,2025,8,17,8,30,"145","px max","SIM1"
79,2025,8,17,8,30,"90","count sample","SIM1"
80,2025,8,17,9,0,"141.73333333333332","px moyen","SIM1"
81,2025,8,17,9,0,"141","px min","SIM1"
82,2025,8,17,9,0,"142","px max","SIM1"
83,2025,8,17,9,0,"90","count sample","SIM1"
84,2025,8,17,9,30,"142.98888888888888","px moyen","SIM1"
85,2025,8,17,9,30,"142","px min","SIM1"
86,2025,8,17,9,30,"144","px max","SIM1"
87,2025,8,17,9,30,"90","count sample","SIM1"
88,2025,8,17,10,0,"142.6","px moyen","SIM1"
89,2025,8,17,10,0,"141","px min","SIM1"
90,2025,8,17,10,0,"145","px max","SIM1"
91,2025,8,17,10,0,"90","count sample","SIM1"
92,2025,8,17,10,30,"143.4111111111111","px moyen","SIM1"
93,2025,8,17,10,30,"143","px min","SIM1"
94,2025,8,17,10,30,"144","px max","SIM1"
95,2025,8,17,10,30,"90","count sample","SIM1"
96,2025,8,17,11,0,"144.37777777777777","px moyen","SIM1"
97,2025,8,17,11,0,"144","px min","SIM1"
98,2025,8,17,11,0,"145","px max","SIM1"
99,2025,8,17,11,0,"90","count sample","SIM1"
100,2025,8,17,11,30,"143.12222222222223","px moyen","SIM1"
101,2025,8,17,11,30,"143","px min","SIM1"
102,2025,8,17,11,30,"144","px max","SIM1"
103,2025,8,17,11,30,"90","count sample","SIM1"
104,2025,8,17,12,1,"144.2111111111111","px moyen","SIM1"
105,2025,8,17,12,1,"143","px min","SIM1"
106,2025,8,17,12,1,"145","px max","SIM1"
107,2025,8,17,12,1,"90","count sample","SIM1"
108,2025,8,17,12,30,"143.73333333333332","px moyen","SIM1"
109,2025,8,17,12,30,"143","px min","SIM1"
110,2025,8,17,12,30,"144","px max","SIM1"
111,2025,8,17,12,30,"90","count sample","SIM1"
112,2025,8,17,13,0,"143.63333333333333","px moyen","SIM1"
113,2025,8,17,13,0,"142","px min","SIM1"
114,2025,8,17,13,0,"145","px max","SIM1"
115,2025,8,17,13,0,"90","count sample","SIM1"
116,2025,8,17,13,30,"112.38888888888889","px moyen","SIM1"
117,2025,8,17,13,30,"109","px min","SIM1"
118,2025,8,17,13,30,"117","px max","SIM1"
119,2025,8,17,13,30,"90","count sample","SIM1"
120,2025,8,17,14,0,"108.24444444444444","px moyen","SIM1"
121,2025,8,17,14,0,"107","px min","SIM1"
122,2025,8,17,14,0,"110","px max","SIM1"
123,2025,8,17,14,0,"90","count sample","SIM1"
124,2025,8,17,14,30,"108.3","px moyen","SIM1"
125,2025,8,17,14,30,"107","px min","SIM1"
126,2025,8,17,14,30,"110","px max","SIM1"
127,2025,8,17,14,30,"90","count sample","SIM1"
128,2025,8,17,15,0,"105.42222222222222","px moyen","SIM1"
129,2025,8,17,15,0,"104","px min","SIM1"
130,2025,8,17,15,0,"106","px max","SIM1"
131,2025,8,17,15,0,"90","count sample","SIM1"
132,2025,8,17,15,30,"106.13333333333334","px moyen","SIM1"
133,2025,8,17,15,30,"106","px min","SIM1"
134,2025,8,17,15,30,"107","px max","SIM1"
135,2025,8,17,15,30,"90","count sample","SIM1"
136,2025,8,17,16,0,"114.76666666666667","px moyen","SIM1"
137,2025,8,17,16,0,"108","px min","SIM1"
138,2025,8,17,16,0,"143","px max","SIM1"
139,2025,8,17,16,0,"90","count sample","SIM1"
140,2025,8,17,16,30,"113.35555555555555","px moyen","SIM1"
141,2025,8,17,16,30,"109","px min","SIM1"
142,2025,8,17,16,30,"138","px max","SIM1"
143,2025,8,17,16,30,"90","count sample","SIM1"
144,2025,8,17,17,0,"108.44444444444444","px moyen","SIM1"
145,2025,8,17,17,0,"107","px min","SIM1"
146,2025,8,17,17,0,"110","px max","SIM1"
147,2025,8,17,17,0,"90","count sample","SIM1"
148,2025,8,17,17,30,"106.46666666666667","px moyen","SIM1"
149,2025,8,17,17,30,"105","px min","SIM1"
150,2025,8,17,17,30,"108","px max","SIM1"
151,2025,8,17,17,30,"90","count sample","SIM1"
152,2025,8,17,18,0,"107.77777777777777","px moyen","SIM1"
153,2025,8,17,18,0,"107","px min","SIM1"
154,2025,8,17,18,0,"109","px max","SIM1"
155,2025,8,17,18,0,"90","count sample","SIM1"
156,2025,8,17,18,30,"106.65555555555555","px moyen","SIM1"
157,2025,8,17,18,30,"106","px min","SIM1"
158,2025,8,17,18,30,"108","px max","SIM1"
159,2025,8,17,18,30,"90","count sample","SIM1"
160,2025,8,17,19,0,"111.58888888888889","px moyen","SIM1"
161,2025,8,17,19,0,"110","px min","SIM1"
162,2025,8,17,19,0,"115","px max","SIM1"
163,2025,8,17,19,0,"90","count sample","SIM1"
164,2025,8,17,19,30,"109.14444444444445","px moyen","SIM1"
165,2025,8,17,19,30,"109","px min","SIM1"
166,2025,8,17,19,30,"110","px max","SIM1"
167,2025,8,17,19,30,"90","count sample","SIM1"
168,2025,8,17,20,0,"106.91111111111111","px moyen","SIM1"
169,2025,8,17,20,0,"104","px min","SIM1"
170,2025,8,17,20,0,"112","px max","SIM1"
171,2025,8,17,20,0,"90","count sample","SIM1"
172,2025,8,17,20,30,"84.07777777777778","px moyen","SIM1"
173,2025,8,17,20,30,"70","px min","SIM1"
174,2025,8,17,20,30,"100","px max","SIM1"
175,2025,8,17,20,30,"90","count sample","SIM1"
176,2025,8,17,21,0,"94.97777777777777","px moyen","SIM1"
177,2025,8,17,21,0,"90","px min","SIM1"
178,2025,8,17,21,0,"102","px max","SIM1"
179,2025,8,17,21,0,"90","count sample","SIM1"
180,2025,8,17,21,30,"93.8","px moyen","SIM1"
181,2025,8,17,21,30,"92","px min","SIM1"
182,2025,8,17,21,30,"97","px max","SIM1"
183,2025,8,17,21,30,"90","count sample","SIM1"
184,2025,8,17,22,0,"99.12222222222222","px moyen","SIM1"
185,2025,8,17,22,0,"66","px min","SIM1"
186,2025,8,17,22,0,"106","px max","SIM1"
187,2025,8,17,22,0,"90","count sample","SIM1"
188,2025,8,17,22,30,"99.77777777777777","px moyen","SIM1"
189,2025,8,17,22,30,"87","px min","SIM1"
190,2025,8,17,22,30,"108","px max","SIM1"
191,2025,8,17,22,30,"90","count sample","SIM1"
192,2025,8,17,23,0,"91.26666666666667","px moyen","SIM1"
193,2025,8,17,23,0,"84","px min","SIM1"
194,2025,8,17,23,0,"96","px max","SIM1"
195,2025,8,17,23,0,"90","count sample","SIM1"
196,2025,8,17,23,30,"108.67777777777778","px moyen","SIM1"
197,2025,8,17,23,30,"98","px min","SIM1"
198,2025,8,17,23,30,"120","px max","SIM1"
199,2025,8,17,23,30,"90","count sample","SIM1"
200,2025,8,18,0,0,"84.63333333333334","px moyen","SIM1"
201,2025,8,18,0,0,"40","px min","SIM1"
202,2025,8,18,0,0,"96","px max","SIM1"
203,2025,8,18,0,0,"90","count sample","SIM1"
204,2025,8,18,0,30,"87.67777777777778","px moyen","SIM1"
205,2025,8,18,0,30,"63","px min","SIM1"
206,2025,8,18,0,30,"99","px max","SIM1"
207,2025,8,18,0,30,"90","count sample","SIM1"
208,2025,8,18,1,0,"79.91111111111111","px moyen","SIM1"
209,2025,8,18,1,0,"40","px min","SIM1"
210,2025,8,18,1,0,"93","px max","SIM1"
211,2025,8,18,1,0,"90","count sample","SIM1"
212,2025,8,18,1,30,"94.97777777777777","px moyen","SIM1"
213,2025,8,18,1,30,"90","px min","SIM1"
214,2025,8,18,1,30,"103","px max","SIM1"
215,2025,8,18,1,30,"90","count sample","SIM1"
216,2025,8,18,2,15,"66.58888888888889","px moyen","SIM1"
217,2025,8,18,2,15,"0","px min","SIM1"
218,2025,8,18,2,15,"99","px max","SIM1"
219,2025,8,18,2,15,"90","count sample","SIM1"
220,2025,8,18,2,45,"81.93333333333334","px moyen","SIM1"
221,2025,8,18,2,45,"66","px min","SIM1"
222,2025,8,18,2,45,"106","px max","SIM1"
223,2025,8,18,2,45,"90","count sample","SIM1"
224,2025,8,18,3,15,"70.35555555555555","px moyen","SIM1"
225,2025,8,18,3,15,"0","px min","SIM1"
226,2025,8,18,3,15,"95","px max","SIM1"
227,2025,8,18,3,15,"90","count sample","SIM1"
228,2025,8,18,3,45,"72.41111111111111","px moyen","SIM1"
229,2025,8,18,3,45,"21","px min","SIM1"
230,2025,8,18,3,45,"101","px max","SIM1"
231,2025,8,18,3,45,"90","count sample","SIM1"
232,2025,8,18,4,15,"48.98888888888889","px moyen","SIM1"
233,2025,8,18,4,15,"21","px min","SIM1"
234,2025,8,18,4,15,"92","px max","SIM1"
235,2025,8,18,4,15,"90","count sample","SIM1"
236,2025,8,18,4,45,"99.71111111111111","px moyen","SIM1"
237,2025,8,18,4,45,"98","px min","SIM1"
238,2025,8,18,4,45,"102","px max","SIM1"
239,2025,8,18,4,45,"90","count sample","SIM1"
240,2025,8,18,5,15,"110.24444444444444","px moyen","SIM1"
241,2025,8,18,5,15,"109","px min","SIM1"
242,2025,8,18,5,15,"112","px max","SIM1"
243,2025,8,18,5,15,"90","count sample","SIM1"
244,2025,8,18,5,45,"113.42222222222222","px moyen","SIM1"
245,2025,8,18,5,45,"111","px min","SIM1"
246,2025,8,18,5,45,"116","px max","SIM1"
247,2025,8,18,5,45,"90","count sample","SIM1"
248,2025,8,18,6,15,"111.68888888888888","px moyen","SIM1"
249,2025,8,18,6,15,"110","px min","SIM1"
250,2025,8,18,6,15,"113","px max","SIM1"
251,2025,8,18,6,15,"90","count sample","SIM1"
252,2025,8,18,6,45,"146.05555555555554","px moyen","SIM1"
253,2025,8,18,6,45,"145","px min","SIM1"
254,2025,8,18,6,45,"147","px max","SIM1"
255,2025,8,18,6,45,"90","count sample","SIM1"
256,2025,8,18,7,15,"145.34444444444443","px moyen","SIM1"
257,2025,8,18,7,15,"145","px min","SIM1"
258,2025,8,18,7,15,"146","px max","SIM1"
259,2025,8,18,7,15,"90","count sample","SIM1"
260,2025,8,18,7,45,"146.25555555555556","px moyen","SIM1"
261,2025,8,18,7,45,"146","px min","SIM1"
262,2025,8,18,7,45,"147","px max","SIM1"
263,2025,8,18,7,45,"90","count sample","SIM1"
264,2025,8,18,8,15,"146.53333333333333","px moyen","SIM1"
265,2025,8,18,8,15,"144","px min","SIM1"
266,2025,8,18,8,15,"148","px max","SIM1"
267,2025,8,18,8,15,"90","count sample","SIM1"
268,2025,8,18,8,45,"139.9111111111111","px moyen","SIM1"
269,2025,8,18,8,45,"114","px min","SIM1"
270,2025,8,18,8,45,"146","px max","SIM1"
271,2025,8,18,8,45,"90","count sample","SIM1"
272,2025,8,18,9,15,"144.9111111111111","px moyen","SIM1"
273,2025,8,18,9,15,"143","px min","SIM1"
274,2025,8,18,9,15,"147","px max","SIM1"
275,2025,8,18,9,15,"90","count sample","SIM1"
276,2025,8,18,9,45,"145.83333333333334","px moyen","SIM1"
277,2025,8,18,9,45,"144","px min","SIM1"
278,2025,8,18,9,45,"147","px max","SIM1"
279,2025,8,18,9,45,"90","count sample","SIM1"
280,2025,8,18,10,15,"141.53333333333333","px moyen","SIM1"
281,2025,8,18,10,15,"138","px min","SIM1"
282,2025,8,18,10,15,"144","px max","SIM1"
283,2025,8,18,10,15,"90","count sample","SIM1"
284,2025,8,18,10,45,"143.92222222222222","px moyen","SIM1"
285,2025,8,18,10,45,"118","px min","SIM1"
286,2025,8,18,10,45,"148","px max","SIM1"
287,2025,8,18,10,45,"90","count sample","SIM1"
288,2025,8,18,11,15,"145.46666666666667","px moyen","SIM1"
289,2025,8,18,11,15,"144","px min","SIM1"
290,2025,8,18,11,15,"147","px max","SIM1"
291,2025,8,18,11,15,"90","count sample","SIM1"
295,2025,8,22,20,45,"0","count sample","SIM1"
299,2025,8,22,21,0,"0","count sample","SIM1"
303,2025,8,22,21,15,"0","count sample","SIM1"
307,2025,8,22,21,30,"0","count sample","SIM1"
311,2025,8,22,21,45,"0","count sample","SIM1"
315,2025,8,22,22,0,"0","count sample","SIM1"
319,2025,8,22,22,15,"0","count sample","SIM1"
323,2025,8,22,22,30,"0","count sample","SIM1"
324,2025,8,22,22,45,"0","px moyen","SIM1"
325,2025,8,22,22,45,"0","px min","SIM1"
326,2025,8,22,22,45,"0","px max","SIM1"
327,2025,8,22,22,45,"30","count sample","SIM1"
328,2025,8,22,23,0,"0","px moyen","SIM1"
329,2025,8,22,23,0,"0","px min","SIM1"
330,2025,8,22,23,0,"0","px max","SIM1"
331,2025,8,22,23,0,"30","count sample","SIM1"
332,2025,8,22,23,30,"157.43333333333334","px moyen","SIM1"
333,2025,8,22,23,30,"127","px min","SIM1"
334,2025,8,22,23,30,"180","px max","SIM1"
335,2025,8,22,23,30,"30","count sample","SIM1"
336,2025,8,22,23,45,"110.36666666666666","px moyen","SIM1"
337,2025,8,22,23,45,"48","px min","SIM1"
338,2025,8,22,23,45,"129","px max","SIM1"
339,2025,8,22,23,45,"30","count sample","SIM1"
340,2025,8,23,0,0,"128.73333333333332","px moyen","SIM1"
341,2025,8,23,0,0,"116","px min","SIM1"
342,2025,8,23,0,0,"139","px max","SIM1"
343,2025,8,23,0,0,"30","count sample","SIM1"
344,2025,8,23,0,15,"215.66666666666666","px moyen","SIM1"
345,2025,8,23,0,15,"178","px min","SIM1"
346,2025,8,23,0,15,"223","px max","SIM1"
347,2025,8,23,0,15,"30","count sample","SIM1"
348,2025,8,23,0,30,"136.03333333333333","px moyen","SIM1"
349,2025,8,23,0,30,"45","px min","SIM1"
350,2025,8,23,0,30,"205","px max","SIM1"
351,2025,8,23,0,30,"30","count sample","SIM1"
352,2025,8,23,0,45,"181","px moyen","SIM1"
353,2025,8,23,0,45,"146","px min","SIM1"
354,2025,8,23,0,45,"202","px max","SIM1"
355,2025,8,23,0,45,"30","count sample","SIM1"
356,2025,8,23,1,0,"151.63333333333333","px moyen","SIM1"
357,2025,8,23,1,0,"136","px min","SIM1"
358,2025,8,23,1,0,"164","px max","SIM1"
359,2025,8,23,1,0,"30","count sample","SIM1"
360,2025,8,23,1,15,"94.5","px moyen","SIM1"
361,2025,8,23,1,15,"37","px min","SIM1"
362,2025,8,23,1,15,"120","px max","SIM1"
363,2025,8,23,1,15,"30","count sample","SIM1"
364,2025,8,23,1,30,"119.7","px moyen","SIM1"
365,2025,8,23,1,30,"89","px min","SIM1"
366,2025,8,23,1,30,"146","px max","SIM1"
367,2025,8,23,1,30,"30","count sample","SIM1"
368,2025,8,23,1,45,"205.83333333333334","px moyen","SIM1"
369,2025,8,23,1,45,"178","px min","SIM1"
370,2025,8,23,1,45,"222","px max","SIM1"
371,2025,8,23,1,45,"30","count sample","SIM1"
372,2025,8,23,2,0,"140.53333333333333","px moyen","SIM1"
373,2025,8,23,2,0,"126","px min","SIM1"
374,2025,8,23,2,0,"153","px max","SIM1"
375,2025,8,23,2,0,"30","count sample","SIM1"
376,2025,8,23,2,15,"183.96666666666667","px moyen","SIM1"
377,2025,8,23,2,15,"118","px min","SIM1"
378,2025,8,23,2,15,"226","px max","SIM1"
379,2025,8,23,2,15,"30","count sample","SIM1"
380,2025,8,23,2,30,"155.06666666666666","px moyen","SIM1"
381,2025,8,23,2,30,"140","px min","SIM1"
382,2025,8,23,2,30,"173","px max","SIM1"
383,2025,8,23,2,30,"30","count sample","SIM1"
384,2025,8,23,2,45,"233.73333333333332","px moyen","SIM1"
385,2025,8,23,2,45,"231","px min","SIM1"
386,2025,8,23,2,45,"237","px max","SIM1"
387,2025,8,23,2,45,"30","count sample","SIM1"
388,2025,8,23,3,0,"58.56666666666667","px moyen","SIM1"
389,2025,8,23,3,0,"16","px min","SIM1"
390,2025,8,23,3,0,"93","px max","SIM1"
391,2025,8,23,3,0,"30","count sample","SIM1"
392,2025,8,23,3,15,"178.46666666666667","px moyen","SIM1"
393,2025,8,23,3,15,"156","px min","SIM1"
394,2025,8,23,3,15,"198","px max","SIM1"
395,2025,8,23,3,15,"30","count sample","SIM1"
396,2025,8,23,3,30,"93.66666666666667","px moyen","SIM1"
397,2025,8,23,3,30,"39","px min","SIM1"
398,2025,8,23,3,30,"137","px max","SIM1"
399,2025,8,23,3,30,"30","count sample","SIM1"
400,2025,8,23,3,45,"169.76666666666668","px moyen","SIM1"
401,2025,8,23,3,45,"142","px min","SIM1"
402,2025,8,23,3,45,"185","px max","SIM1"
403,2025,8,23,3,45,"30","count sample","SIM1"
404,2025,8,23,4,0,"209.4","px moyen","SIM1"
405,2025,8,23,4,0,"199","px min","SIM1"
406,2025,8,23,4,0,"216","px max","SIM1"
407,2025,8,23,4,0,"30","count sample","SIM1"
408,2025,8,23,4,15,"129.1","px moyen","SIM1"
409,2025,8,23,4,15,"123","px min","SIM1"
410,2025,8,23,4,15,"138","px max","SIM1"
411,2025,8,23,4,15,"30","count sample","SIM1"
412,2025,8,23,4,30,"239.5","px moyen","SIM1"
413,2025,8,23,4,30,"236","px min","SIM1"
414,2025,8,23,4,30,"242","px max","SIM1"
415,2025,8,23,4,30,"30","count sample","SIM1"
416,2025,8,23,4,45,"210.56666666666666","px moyen","SIM1"
417,2025,8,23,4,45,"208","px min","SIM1"
418,2025,8,23,4,45,"216","px max","SIM1"
419,2025,8,23,4,45,"30","count sample","SIM1"
420,2025,8,23,5,0,"187.06666666666666","px moyen","SIM1"
421,2025,8,23,5,0,"185","px min","SIM1"
422,2025,8,23,5,0,"188","px max","SIM1"
423,2025,8,23,5,0,"30","count sample","SIM1"
424,2025,8,23,5,15,"157.93333333333334","px moyen","SIM1"
425,2025,8,23,5,15,"156","px min","SIM1"
426,2025,8,23,5,15,"160","px max","SIM1"
427,2025,8,23,5,15,"30","count sample","SIM1"
428,2025,8,23,5,30,"207.93333333333334","px moyen","SIM1"
429,2025,8,23,5,30,"206","px min","SIM1"
430,2025,8,23,5,30,"210","px max","SIM1"
431,2025,8,23,5,30,"30","count sample","SIM1"
432,2025,8,23,5,45,"197.33333333333334","px moyen","SIM1"
433,2025,8,23,5,45,"196","px min","SIM1"
434,2025,8,23,5,45,"199","px max","SIM1"
435,2025,8,23,5,45,"30","count sample","SIM1"
436,2025,8,23,6,0,"195.3","px moyen","SIM1"
437,2025,8,23,6,0,"195","px min","SIM1"
438,2025,8,23,6,0,"196","px max","SIM1"
439,2025,8,23,6,0,"30","count sample","SIM1"
440,2025,8,23,6,15,"194.53333333333333","px moyen","SIM1"
441,2025,8,23,6,15,"193","px min","SIM1"
442,2025,8,23,6,15,"196","px max","SIM1"
443,2025,8,23,6,15,"30","count sample","SIM1"
444,2025,8,23,6,30,"169.56666666666666","px moyen","SIM1"
445,2025,8,23,6,30,"163","px min","SIM1"
446,2025,8,23,6,30,"192","px max","SIM1"
447,2025,8,23,6,30,"30","count sample","SIM1"
448,2025,8,23,6,45,"192.56666666666666","px moyen","SIM1"
449,2025,8,23,6,45,"191","px min","SIM1"
450,2025,8,23,6,45,"194","px max","SIM1"
451,2025,8,23,6,45,"30","count sample","SIM1"
452,2025,8,23,7,0,"195.83333333333334","px moyen","SIM1"
453,2025,8,23,7,0,"195","px min","SIM1"
454,2025,8,23,7,0,"197","px max","SIM1"
455,2025,8,23,7,0,"30","count sample","SIM1"
456,2025,8,23,7,15,"196.16666666666666","px moyen","SIM1"
457,2025,8,23,7,15,"195","px min","SIM1"
458,2025,8,23,7,15,"199","px max","SIM1"
459,2025,8,23,7,15,"30","count sample","SIM1"
460,2025,8,23,7,30,"194.46666666666667","px moyen","SIM1"
461,2025,8,23,7,30,"193","px min","SIM1"
462,2025,8,23,7,30,"197","px max","SIM1"
463,2025,8,23,7,30,"30","count sample","SIM1"
464,2025,8,23,7,45,"192.66666666666666","px moyen","SIM1"
465,2025,8,23,7,45,"191","px min","SIM1"
466,2025,8,23,7,45,"194","px max","SIM1"
467,2025,8,23,7,45,"30","count sample","SIM1"
468,2025,8,23,8,0,"193.66666666666666","px moyen","SIM1"
469,2025,8,23,8,0,"192","px min","SIM1"
470,2025,8,23,8,0,"195","px max","SIM1"
471,2025,8,23,8,0,"30","count sample","SIM1"
472,2025,8,23,8,15,"193.06666666666666","px moyen","SIM1"
473,2025,8,23,8,15,"192","px min","SIM1"
474,2025,8,23,8,15,"194","px max","SIM1"
475,2025,8,23,8,15,"30","count sample","SIM1"
476,2025,8,23,8,30,"191.86666666666667","px moyen","SIM1"
477,2025,8,23,8,30,"191","px min","SIM1"
478,2025,8,23,8,30,"193","px max","SIM1"
479,2025,8,23,8,30,"30","count sample","SIM1"
480,2025,8,23,8,45,"191.1","px moyen","SIM1"
481,2025,8,23,8,45,"191","px min","SIM1"
482,2025,8,23,8,45,"192","px max","SIM1"
483,2025,8,23,8,45,"30","count sample","SIM1"
484,2025,8,23,9,0,"194.13333333333333","px moyen","SIM1"
485,2025,8,23,9,0,"193","px min","SIM1"
486,2025,8,23,9,0,"196","px max","SIM1"
487,2025,8,23,9,0,"30","count sample","SIM1"
488,2025,8,23,9,15,"192.53333333333333","px moyen","SIM1"
489,2025,8,23,9,15,"192","px min","SIM1"
490,2025,8,23,9,15,"193","px max","SIM1"
491,2025,8,23,9,15,"30","count sample","SIM1"
492,2025,8,23,9,30,"189.3","px moyen","SIM1"
493,2025,8,23,9,30,"188","px min","SIM1"
494,2025,8,23,9,30,"190","px max","SIM1"
495,2025,8,23,9,30,"30","count sample","SIM1"
496,2025,8,23,9,45,"192.73333333333332","px moyen","SIM1"
497,2025,8,23,9,45,"192","px min","SIM1"
498,2025,8,23,9,45,"194","px max","SIM1"
499,2025,8,23,9,45,"30","count sample","SIM1"
500,2025,8,23,10,0,"189.9","px moyen","SIM1"
501,2025,8,23,10,0,"189","px min","SIM1"
502,2025,8,23,10,0,"191","px max","SIM1"
503,2025,8,23,10,0,"30","count sample","SIM1"
504,2025,8,23,10,15,"188.3","px moyen","SIM1"
505,2025,8,23,10,15,"187","px min","SIM1"
506,2025,8,23,10,15,"189","px max","SIM1"
507,2025,8,23,10,15,"30","count sample","SIM1"
508,2025,8,23,10,30,"183.4","px moyen","SIM1"
509,2025,8,23,10,30,"167","px min","SIM1"
510,2025,8,23,10,30,"187","px max","SIM1"
511,2025,8,23,10,30,"30","count sample","SIM1"
512,2025,8,23,10,45,"183.16666666666666","px moyen","SIM1"
513,2025,8,23,10,45,"164","px min","SIM1"
514,2025,8,23,10,45,"192","px max","SIM1"
515,2025,8,23,10,45,"30","count sample","SIM1"
516,2025,8,23,11,0,"190.06666666666666","px moyen","SIM1"
517,2025,8,23,11,0,"190","px min","SIM1"
518,2025,8,23,11,0,"191","px max","SIM1"
519,2025,8,23,11,0,"30","count sample","SIM1"
520,2025,8,23,11,15,"198.36666666666667","px moyen","SIM1"
521,2025,8,23,11,15,"198","px min","SIM1"
522,2025,8,23,11,15,"199","px max","SIM1"
523,2025,8,23,11,15,"30","count sample","SIM1"
524,2025,8,23,11,30,"194.26666666666668","px moyen","SIM1"
525,2025,8,23,11,30,"193","px min","SIM1"
526,2025,8,23,11,30,"195","px max","SIM1"
527,2025,8,23,11,30,"30","count sample","SIM1"
528,2025,8,23,11,45,"191.8","px moyen","SIM1"
529,2025,8,23,11,45,"189","px min","SIM1"
530,2025,8,23,11,45,"193","px max","SIM1"
531,2025,8,23,11,45,"30","count sample","SIM1"
532,2025,8,23,12,0,"192.66666666666666","px moyen","SIM1"
533,2025,8,23,12,0,"192","px min","SIM1"
534,2025,8,23,12,0,"194","px max","SIM1"
535,2025,8,23,12,0,"30","count sample","SIM1"
536,2025,8,23,12,15,"190.93333333333334","px moyen","SIM1"
537,2025,8,23,12,15,"190","px min","SIM1"
538,2025,8,23,12,15,"191","px max","SIM1"
539,2025,8,23,12,15,"30","count sample","SIM1"
540,2025,8,23,12,30,"190.2","px moyen","SIM1"
541,2025,8,23,12,30,"189","px min","SIM1"
542,2025,8,23,12,30,"191","px max","SIM1"
543,2025,8,23,12,30,"30","count sample","SIM1"
544,2025,8,23,15,0,"190.06666666666666","px moyen","SIM1"
545,2025,8,23,15,0,"189","px min","SIM1"
546,2025,8,23,15,0,"191","px max","SIM1"
547,2025,8,23,15,0,"30","count sample","SIM1"
548,2025,8,23,17,15,"190.36666666666667","px moyen","SIM1"
549,2025,8,23,17,15,"190","px min","SIM1"
550,2025,8,23,17,15,"191","px max","SIM1"
551,2025,8,23,17,15,"30","count sample","SIM1"
552,2025,8,23,17,30,"193.56666666666666","px moyen","SIM1"
553,2025,8,23,17,30,"193","px min","SIM1"
554,2025,8,23,17,30,"195","px max","SIM1"
555,2025,8,23,17,30,"30","count sample","SIM1"
556,2025,8,23,17,45,"191.66666666666666","px moyen","SIM1"
557,2025,8,23,17,45,"191","px min","SIM1"
558,2025,8,23,17,45,"193","px max","SIM1"
559,2025,8,23,17,45,"30","count sample","SIM1"
560,2025,8,23,18,0,"191.46666666666667","px moyen","SIM1"
561,2025,8,23,18,0,"191","px min","SIM1"
562,2025,8,23,18,0,"192","px max","SIM1"
563,2025,8,23,18,0,"30","count sample","SIM1"
564,2025,8,23,18,15,"191.06666666666666","px moyen","SIM1"
565,2025,8,23,18,15,"191","px min","SIM1"
566,2025,8,23,18,15,"192","px max","SIM1"
567,2025,8,23,18,15,"30","count sample","SIM1"
568,2025,8,23,18,30,"190.86666666666667","px moyen","SIM1"
569,2025,8,23,18,30,"190","px min","SIM1"
570,2025,8,23,18,30,"192","px max","SIM1"
571,2025,8,23,18,30,"30","count sample","SIM1"
572,2025,8,23,18,45,"193.9","px moyen","SIM1"
573,2025,8,23,18,45,"193","px min","SIM1"
574,2025,8,23,18,45,"195","px max","SIM1"
575,2025,8,23,18,45,"30","count sample","SIM1"
576,2025,8,23,19,0,"192.46666666666667","px moyen","SIM1"
577,2025,8,23,19,0,"192","px min","SIM1"
578,2025,8,23,19,0,"193","px max","SIM1"
579,2025,8,23,19,0,"30","count sample","SIM1"
580,2025,8,23,19,15,"193.8","px moyen","SIM1"
581,2025,8,23,19,15,"193","px min","SIM1"
582,2025,8,23,19,15,"194","px max","SIM1"
583,2025,8,23,19,15,"30","count sample","SIM1"
584,2025,8,23,19,30,"193.26666666666668","px moyen","SIM1"
585,2025,8,23,19,30,"192","px min","SIM1"
586,2025,8,23,19,30,"194","px max","SIM1"
587,2025,8,23,19,30,"30","count sample","SIM1"
588,2025,8,23,19,45,"197.5","px moyen","SIM1"
589,2025,8,23,19,45,"197","px min","SIM1"
590,2025,8,23,19,45,"198","px max","SIM1"
591,2025,8,23,19,45,"30","count sample","SIM1"
592,2025,8,23,20,0,"197.96666666666667","px moyen","SIM1"
593,2025,8,23,20,0,"197","px min","SIM1"
594,2025,8,23,20,0,"199","px max","SIM1"
595,2025,8,23,20,0,"30","count sample","SIM1"
596,2025,8,23,20,15,"137.96666666666667","px moyen","SIM1"
597,2025,8,23,20,15,"132","px min","SIM1"
598,2025,8,23,20,15,"145","px max","SIM1"
599,2025,8,23,20,15,"30","count sample","SIM1"
600,2025,8,23,20,30,"130.33333333333334","px moyen","SIM1"
601,2025,8,23,20,30,"23","px min","SIM1"
602,2025,8,23,20,30,"149","px max","SIM1"
603,2025,8,23,20,30,"30","count sample","SIM1"
604,2025,8,23,20,45,"147.23333333333332","px moyen","SIM1"
605,2025,8,23,20,45,"124","px min","SIM1"
606,2025,8,23,20,45,"177","px max","SIM1"
607,2025,8,23,20,45,"30","count sample","SIM1"
608,2025,8,23,21,0,"121.1","px moyen","SIM1"
609,2025,8,23,21,0,"103","px min","SIM1"
610,2025,8,23,21,0,"129","px max","SIM1"
611,2025,8,23,21,0,"30","count sample","SIM1"
612,2025,8,23,21,15,"162.43333333333334","px moyen","SIM1"
613,2025,8,23,21,15,"142","px min","SIM1"
614,2025,8,23,21,15,"179","px max","SIM1"
615,2025,8,23,21,15,"30","count sample","SIM1"
616,2025,8,23,21,30,"3.7","px moyen","SIM1"
617,2025,8,23,21,30,"0","px min","SIM1"
618,2025,8,23,21,30,"24","px max","SIM1"
619,2025,8,23,21,30,"30","count sample","SIM1"
620,2025,8,23,21,45,"200.76666666666668","px moyen","SIM1"
621,2025,8,23,21,45,"197","px min","SIM1"
622,2025,8,23,21,45,"204","px max","SIM1"
623,2025,8,23,21,45,"30","count sample","SIM1"
624,2025,8,23,22,0,"123.4","px moyen","SIM1"
625,2025,8,23,22,0,"100","px min","SIM1"
626,2025,8,23,22,0,"136","px max","SIM1"
627,2025,8,23,22,0,"30","count sample","SIM1"
628,2025,8,23,22,15,"134.1","px moyen","SIM1"
629,2025,8,23,22,15,"129","px min","SIM1"
630,2025,8,23,22,15,"139","px max","SIM1"
631,2025,8,23,22,15,"30","count sample","SIM1"
632,2025,8,23,22,30,"44.43333333333333","px moyen","SIM1"
633,2025,8,23,22,30,"11","px min","SIM1"
634,2025,8,23,22,30,"65","px max","SIM1"
635,2025,8,23,22,30,"30","count sample","SIM1"
636,2025,8,23,22,45,"168.9","px moyen","SIM1"
637,2025,8,23,22,45,"156","px min","SIM1"
638,2025,8,23,22,45,"176","px max","SIM1"
639,2025,8,23,22,45,"30","count sample","SIM1"
640,2025,8,23,23,0,"137.93333333333334","px moyen","SIM1"
641,2025,8,23,23,0,"132","px min","SIM1"
642,2025,8,23,23,0,"143","px max","SIM1"
643,2025,8,23,23,0,"30","count sample","SIM1"
644,2025,8,23,23,15,"194.06666666666666","px moyen","SIM1"
645,2025,8,23,23,15,"176","px min","SIM1"
646,2025,8,23,23,15,"213","px max","SIM1"
647,2025,8,23,23,15,"30","count sample","SIM1"
648,2025,8,23,23,30,"178.33333333333334","px moyen","SIM1"
649,2025,8,23,23,30,"159","px min","SIM1"
650,2025,8,23,23,30,"201","px max","SIM1"
651,2025,8,23,23,30,"30","count sample","SIM1"
652,2025,8,23,23,45,"174.63333333333333","px moyen","SIM1"
653,2025,8,23,23,45,"137","px min","SIM1"
654,2025,8,23,23,45,"213","px max","SIM1"
655,2025,8,23,23,45,"30","count sample","SIM1"
656,2025,8,24,0,0,"166.63333333333333","px moyen","SIM1"
657,2025,8,24,0,0,"152","px min","SIM1"
658,2025,8,24,0,0,"172","px max","SIM1"
659,2025,8,24,0,0,"30","count sample","SIM1"
660,2025,8,24,0,15,"198.2","px moyen","SIM1"
661,2025,8,24,0,15,"184","px min","SIM1"
662,2025,8,24,0,15,"212","px max","SIM1"
663,2025,8,24,0,15,"30","count sample","SIM1"
664,2025,8,24,0,30,"163.36666666666667","px moyen","SIM1"
665,2025,8,24,0,30,"149","px min","SIM1"
666,2025,8,24,0,30,"171","px max","SIM1"
667,2025,8,24,0,30,"30","count sample","SIM1"
668,2025,8,24,0,45,"185.53333333333333","px moyen","SIM1"
669,2025,8,24,0,45,"167","px min","SIM1"
670,2025,8,24,0,45,"203","px max","SIM1"
671,2025,8,24,0,45,"30","count sample","SIM1"
672,2025,8,24,1,0,"166.8","px moyen","SIM1"
673,2025,8,24,1,0,"162","px min","SIM1"
674,2025,8,24,1,0,"171","px max","SIM1"
675,2025,8,24,1,0,"30","count sample","SIM1"
676,2025,8,24,1,15,"163.33333333333334","px moyen","SIM1"
677,2025,8,24,1,15,"146","px min","SIM1"
678,2025,8,24,1,15,"169","px max","SIM1"
679,2025,8,24,1,15,"30","count sample","SIM1"
680,2025,8,24,1,30,"145.13333333333333","px moyen","SIM1"
681,2025,8,24,1,30,"135","px min","SIM1"
682,2025,8,24,1,30,"155","px max","SIM1"
683,2025,8,24,1,30,"30","count sample","SIM1"
684,2025,8,24,1,45,"143.03333333333333","px moyen","SIM1"
685,2025,8,24,1,45,"124","px min","SIM1"
686,2025,8,24,1,45,"155","px max","SIM1"
687,2025,8,24,1,45,"30","count sample","SIM1"
688,2025,8,24,2,0,"175.36666666666667","px moyen","SIM1"
689,2025,8,24,2,0,"163","px min","SIM1"
690,2025,8,24,2,0,"189","px max","SIM1"
691,2025,8,24,2,0,"30","count sample","SIM1"
692,2025,8,24,2,15,"115.53333333333333","px moyen","SIM1"
693,2025,8,24,2,15,"93","px min","SIM1"
694,2025,8,24,2,15,"127","px max","SIM1"
695,2025,8,24,2,15,"30","count sample","SIM1"
696,2025,8,24,2,30,"179.3","px moyen","SIM1"
697,2025,8,24,2,30,"168","px min","SIM1"
698,2025,8,24,2,30,"201","px max","SIM1"
699,2025,8,24,2,30,"30","count sample","SIM1"
700,2025,8,24,2,45,"185.36666666666667","px moyen","SIM1"
701,2025,8,24,2,45,"169","px min","SIM1"
702,2025,8,24,2,45,"197","px max","SIM1"
703,2025,8,24,2,45,"30","count sample","SIM1"
704,2025,8,24,3,0,"148.46666666666667","px moyen","SIM1"
705,2025,8,24,3,0,"137","px min","SIM1"
706,2025,8,24,3,0,"161","px max","SIM1"
707,2025,8,24,3,0,"30","count sample","SIM1"
708,2025,8,24,3,15,"187.16666666666666","px moyen","SIM1"
709,2025,8,24,3,15,"178","px min","SIM1"
710,2025,8,24,3,15,"198","px max","SIM1"
711,2025,8,24,3,15,"30","count sample","SIM1"
712,2025,8,24,3,30,"138.16666666666666","px moyen","SIM1"
713,2025,8,24,3,30,"84","px min","SIM1"
714,2025,8,24,3,30,"167","px max","SIM1"
715,2025,8,24,3,30,"30","count sample","SIM1"
716,2025,8,24,3,45,"206.83333333333334","px moyen","SIM1"
717,2025,8,24,3,45,"203","px min","SIM1"
718,2025,8,24,3,45,"210","px max","SIM1"
719,2025,8,24,3,45,"30","count sample","SIM1"
720,2025,8,24,4,0,"218.03333333333333","px moyen","SIM1"
721,2025,8,24,4,0,"207","px min","SIM1"
722,2025,8,24,4,0,"228","px max","SIM1"
723,2025,8,24,4,0,"30","count sample","SIM1"
724,2025,8,24,4,15,"201.33333333333334","px moyen","SIM1"
725,2025,8,24,4,15,"188","px min","SIM1"
726,2025,8,24,4,15,"206","px max","SIM1"
727,2025,8,24,4,15,"30","count sample","SIM1"
728,2025,8,24,4,30,"168.76666666666668","px moyen","SIM1"
729,2025,8,24,4,30,"146","px min","SIM1"
730,2025,8,24,4,30,"200","px max","SIM1"
731,2025,8,24,4,30,"30","count sample","SIM1"
732,2025,8,24,4,45,"158.33333333333334","px moyen","SIM1"
733,2025,8,24,4,45,"157","px min","SIM1"
734,2025,8,24,4,45,"160","px max","SIM1"
735,2025,8,24,4,45,"30","count sample","SIM1"
736,2025,8,24,5,0,"203.5","px moyen","SIM1"
737,2025,8,24,5,0,"202","px min","SIM1"
738,2025,8,24,5,0,"205","px max","SIM1"
739,2025,8,24,5,0,"30","count sample","SIM1"
740,2025,8,24,5,15,"206.56666666666666","px moyen","SIM1"
741,2025,8,24,5,15,"203","px min","SIM1"
742,2025,8,24,5,15,"209","px max","SIM1"
743,2025,8,24,5,15,"30","count sample","SIM1"
744,2025,8,24,5,30,"196.66666666666666","px moyen","SIM1"
745,2025,8,24,5,30,"196","px min","SIM1"
746,2025,8,24,5,30,"197","px max","SIM1"
747,2025,8,24,5,30,"30","count sample","SIM1"
748,2025,8,24,5,45,"191.8","px moyen","SIM1"
749,2025,8,24,5,45,"191","px min","SIM1"
750,2025,8,24,5,45,"193","px max","SIM1"
751,2025,8,24,5,45,"30","count sample","SIM1"
752,2025,8,24,6,0,"188.73333333333332","px moyen","SIM1"
753,2025,8,24,6,0,"187","px min","SIM1"
754,2025,8,24,6,0,"190","px max","SIM1"
755,2025,8,24,6,0,"30","count sample","SIM1"
756,2025,8,24,6,15,"167.83333333333334","px moyen","SIM1"
757,2025,8,24,6,15,"160","px min","SIM1"
758,2025,8,24,6,15,"186","px max","SIM1"
759,2025,8,24,6,15,"30","count sample","SIM1"
760,2025,8,24,6,30,"190.3","px moyen","SIM1"
761,2025,8,24,6,30,"189","px min","SIM1"
762,2025,8,24,6,30,"191","px max","SIM1"
763,2025,8,24,6,30,"30","count sample","SIM1"
764,2025,8,24,6,45,"188.76666666666668","px moyen","SIM1"
765,2025,8,24,6,45,"187","px min","SIM1"
766,2025,8,24,6,45,"190","px max","SIM1"
767,2025,8,24,6,45,"30","count sample","SIM1"
768,2025,8,24,7,0,"190.1","px moyen","SIM1"
769,2025,8,24,7,0,"188","px min","SIM1"
770,2025,8,24,7,0,"191","px max","SIM1"
771,2025,8,24,7,0,"30","count sample","SIM1"
772,2025,8,24,7,15,"190.5","px moyen","SIM1"
773,2025,8,24,7,15,"189","px min","SIM1"
774,2025,8,24,7,15,"191","px max","SIM1"
775,2025,8,24,7,15,"30","count sample","SIM1"
776,2025,8,24,7,30,"189.06666666666666","px moyen","SIM1"
777,2025,8,24,7,30,"188","px min","SIM1"
778,2025,8,24,7,30,"191","px max","SIM1"
779,2025,8,24,7,30,"30","count sample","SIM1"
780,2025,8,24,7,45,"189.6","px moyen","SIM1"
781,2025,8,24,7,45,"189","px min","SIM1"
782,2025,8,24,7,45,"190","px max","SIM1"
783,2025,8,24,7,45,"30","count sample","SIM1"
784,2025,8,24,8,0,"169.43333333333334","px moyen","SIM1"
785,2025,8,24,8,0,"161","px min","SIM1"
786,2025,8,24,8,0,"190","px max","SIM1"
787,2025,8,24,8,0,"30","count sample","SIM1"
788,2025,8,24,8,15,"163.6","px moyen","SIM1"
789,2025,8,24,8,15,"160","px min","SIM1"
790,2025,8,24,8,15,"169","px max","SIM1"
791,2025,8,24,8,15,"30","count sample","SIM1"
792,2025,8,24,8,30,"160.46666666666667","px moyen","SIM1"
793,2025,8,24,8,30,"157","px min","SIM1"
794,2025,8,24,8,30,"166","px max","SIM1"
795,2025,8,24,8,30,"30","count sample","SIM1"
796,2025,8,24,8,45,"185.8","px moyen","SIM1"
797,2025,8,24,8,45,"185","px min","SIM1"
798,2025,8,24,8,45,"187","px max","SIM1"
799,2025,8,24,8,45,"30","count sample","SIM1"
800,2025,8,24,9,0,"157.36666666666667","px moyen","SIM1"
801,2025,8,24,9,0,"156","px min","SIM1"
802,2025,8,24,9,0,"158","px max","SIM1"
803,2025,8,24,9,0,"30","count sample","SIM1"
804,2025,8,24,9,15,"156.73333333333332","px moyen","SIM1"
805,2025,8,24,9,15,"156","px min","SIM1"
806,2025,8,24,9,15,"157","px max","SIM1"
807,2025,8,24,9,15,"30","count sample","SIM1"
808,2025,8,24,9,30,"159.33333333333334","px moyen","SIM1"
809,2025,8,24,9,30,"157","px min","SIM1"
810,2025,8,24,9,30,"161","px max","SIM1"
811,2025,8,24,9,30,"30","count sample","SIM1"
812,2025,8,24,9,45,"187.23333333333332","px moyen","SIM1"
813,2025,8,24,9,45,"186","px min","SIM1"
814,2025,8,24,9,45,"189","px max","SIM1"
815,2025,8,24,9,45,"30","count sample","SIM1"
816,2025,8,24,10,0,"160","px moyen","SIM1"
817,2025,8,24,10,0,"158","px min","SIM1"
818,2025,8,24,10,0,"163","px max","SIM1"
819,2025,8,24,10,0,"30","count sample","SIM1"
820,2025,8,24,10,15,"188.2","px moyen","SIM1"
821,2025,8,24,10,15,"184","px min","SIM1"
822,2025,8,24,10,15,"191","px max","SIM1"
823,2025,8,24,10,15,"30","count sample","SIM1"
824,2025,8,24,10,30,"187.86666666666667","px moyen","SIM1"
825,2025,8,24,10,30,"187","px min","SIM1"
826,2025,8,24,10,30,"189","px max","SIM1"
827,2025,8,24,10,30,"30","count sample","SIM1"
828,2025,8,24,10,45,"161.26666666666668","px moyen","SIM1"
829,2025,8,24,10,45,"159","px min","SIM1"
830,2025,8,24,10,45,"167","px max","SIM1"
831,2025,8,24,10,45,"30","count sample","SIM1"
832,2025,8,24,11,0,"166.4","px moyen","SIM1"
833,2025,8,24,11,0,"159","px min","SIM1"
834,2025,8,24,11,0,"184","px max","SIM1"
835,2025,8,24,11,0,"30","count sample","SIM1"
836,2025,8,24,11,15,"157.3","px moyen","SIM1"
837,2025,8,24,11,15,"156","px min","SIM1"
838,2025,8,24,11,15,"159","px max","SIM1"
839,2025,8,24,11,15,"30","count sample","SIM1"
840,2025,8,24,11,30,"158.6","px moyen","SIM1"
841,2025,8,24,11,30,"157","px min","SIM1"
842,2025,8,24,11,30,"161","px max","SIM1"
843,2025,8,24,11,30,"30","count sample","SIM1"
844,2025,8,24,11,45,"164.7","px moyen","SIM1"
845,2025,8,24,11,45,"159","px min","SIM1"
846,2025,8,24,11,45,"190","px max","SIM1"
847,2025,8,24,11,45,"30","count sample","SIM1"
848,2025,8,24,12,0,"188.16666666666666","px moyen","SIM1"
849,2025,8,24,12,0,"186","px min","SIM1"
850,2025,8,24,12,0,"189","px max","SIM1"
851,2025,8,24,12,0,"30","count sample","SIM1"
852,2025,8,24,12,15,"180.13333333333333","px moyen","SIM1"
853,2025,8,24,12,15,"160","px min","SIM1"
854,2025,8,24,12,15,"189","px max","SIM1"
855,2025,8,24,12,15,"30","count sample","SIM1"
856,2025,8,24,12,30,"191.93333333333334","px moyen","SIM1"
857,2025,8,24,12,30,"191","px min","SIM1"
858,2025,8,24,12,30,"192","px max","SIM1"
859,2025,8,24,12,30,"30","count sample","SIM1"
860,2025,8,24,12,45,"189.33333333333334","px moyen","SIM1"
861,2025,8,24,12,45,"187","px min","SIM1"
862,2025,8,24,12,45,"191","px max","SIM1"
863,2025,8,24,12,45,"30","count sample","SIM1"
864,2025,8,24,13,0,"190.16666666666666","px moyen","SIM1"
865,2025,8,24,13,0,"189","px min","SIM1"
866,2025,8,24,13,0,"191","px max","SIM1"
867,2025,8,24,13,0,"30","count sample","SIM1"
868,2025,8,24,13,15,"191.33333333333334","px moyen","SIM1"
869,2025,8,24,13,15,"191","px min","SIM1"
870,2025,8,24,13,15,"193","px max","SIM1"
871,2025,8,24,13,15,"30","count sample","SIM1"
872,2025,8,24,13,30,"190.6","px moyen","SIM1"
873,2025,8,24,13,30,"190","px min","SIM1"
874,2025,8,24,13,30,"191","px max","SIM1"
875,2025,8,24,13,30,"30","count sample","SIM1"
876,2025,8,24,13,45,"190.5","px moyen","SIM1"
877,2025,8,24,13,45,"190","px min","SIM1"
878,2025,8,24,13,45,"191","px max","SIM1"
879,2025,8,24,13,45,"30","count sample","SIM1"
880,2025,8,24,14,0,"190.4","px moyen","SIM1"
881,2025,8,24,14,0,"190","px min","SIM1"
882,2025,8,24,14,0,"191","px max","SIM1"
883,2025,8,24,14,0,"30","count sample","SIM1"
884,2025,8,24,14,15,"190.96666666666667","px moyen","SIM1"
885,2025,8,24,14,15,"190","px min","SIM1"
886,2025,8,24,14,15,"191","px max","SIM1"
887,2025,8,24,14,15,"30","count sample","SIM1"
888,2025,8,24,14,30,"187.16666666666666","px moyen","SIM1"
889,2025,8,24,14,30,"186","px min","SIM1"
890,2025,8,24,14,30,"188","px max","SIM1"
891,2025,8,24,14,30,"30","count sample","SIM1"
892,2025,8,24,14,45,"189.53333333333333","px moyen","SIM1"
893,2025,8,24,14,45,"188","px min","SIM1"
894,2025,8,24,14,45,"190","px max","SIM1"
895,2025,8,24,14,45,"30","count sample","SIM1"
896,2025,8,24,15,0,"189.6","px moyen","SIM1"
897,2025,8,24,15,0,"189","px min","SIM1"
898,2025,8,24,15,0,"191","px max","SIM1"
899,2025,8,24,15,0,"30","count sample","SIM1"
900,2025,8,24,15,15,"187.73333333333332","px moyen","SIM1"
901,2025,8,24,15,15,"187","px min","SIM1"
902,2025,8,24,15,15,"189","px max","SIM1"
903,2025,8,24,15,15,"30","count sample","SIM1"
904,2025,8,24,15,30,"193.56666666666666","px moyen","SIM1"
905,2025,8,24,15,30,"193","px min","SIM1"
906,2025,8,24,15,30,"195","px max","SIM1"
907,2025,8,24,15,30,"30","count sample","SIM1"
908,2025,8,24,15,45,"184.7","px moyen","SIM1"
909,2025,8,24,15,45,"184","px min","SIM1"
910,2025,8,24,15,45,"186","px max","SIM1"
911,2025,8,24,15,45,"30","count sample","SIM1"
912,2025,8,24,16,0,"198.03333333333333","px moyen","SIM1"
913,2025,8,24,16,0,"196","px min","SIM1"
914,2025,8,24,16,0,"199","px max","SIM1"
915,2025,8,24,16,0,"30","count sample","SIM1"
916,2025,8,24,16,15,"190.9","px moyen","SIM1"
917,2025,8,24,16,15,"190","px min","SIM1"
918,2025,8,24,16,15,"192","px max","SIM1"
919,2025,8,24,16,15,"30","count sample","SIM1"
920,2025,8,24,16,30,"192.53333333333333","px moyen","SIM1"
921,2025,8,24,16,30,"192","px min","SIM1"
922,2025,8,24,16,30,"193","px max","SIM1"
923,2025,8,24,16,30,"30","count sample","SIM1"
924,2025,8,24,16,45,"202.9","px moyen","SIM1"
925,2025,8,24,16,45,"201","px min","SIM1"
926,2025,8,24,16,45,"205","px max","SIM1"
927,2025,8,24,16,45,"30","count sample","SIM1"
928,2025,8,24,17,0,"194.13333333333333","px moyen","SIM1"
929,2025,8,24,17,0,"193","px min","SIM1"
930,2025,8,24,17,0,"196","px max","SIM1"
931,2025,8,24,17,0,"30","count sample","SIM1"
932,2025,8,24,17,15,"192.7","px moyen","SIM1"
933,2025,8,24,17,15,"192","px min","SIM1"
934,2025,8,24,17,15,"193","px max","SIM1"
935,2025,8,24,17,15,"30","count sample","SIM1"
936,2025,8,24,17,30,"194.56666666666666","px moyen","SIM1"
937,2025,8,24,17,30,"194","px min","SIM1"
938,2025,8,24,17,30,"195","px max","SIM1"
939,2025,8,24,17,30,"30","count sample","SIM1"
940,2025,8,24,17,45,"194.8","px moyen","SIM1"
941,2025,8,24,17,45,"193","px min","SIM1"
942,2025,8,24,17,45,"198","px max","SIM1"
943,2025,8,24,17,45,"30","count sample","SIM1"
944,2025,8,24,18,0,"195.43333333333334","px moyen","SIM1"
945,2025,8,24,18,0,"195","px min","SIM1"
946,2025,8,24,18,0,"197","px max","SIM1"
947,2025,8,24,18,0,"30","count sample","SIM1"
948,2025,8,24,18,15,"188.56666666666666","px moyen","SIM1"
949,2025,8,24,18,15,"188","px min","SIM1"
950,2025,8,24,18,15,"190","px max","SIM1"
951,2025,8,24,18,15,"30","count sample","SIM1"
952,2025,8,24,18,30,"192.1","px moyen","SIM1"
953,2025,8,24,18,30,"191","px min","SIM1"
954,2025,8,24,18,30,"193","px max","SIM1"
955,2025,8,24,18,30,"30","count sample","SIM1"
956,2025,8,24,18,45,"192.26666666666668","px moyen","SIM1"
957,2025,8,24,18,45,"191","px min","SIM1"
958,2025,8,24,18,45,"193","px max","SIM1"
959,2025,8,24,18,45,"30","count sample","SIM1"
960,2025,8,24,19,0,"194.23333333333332","px moyen","SIM1"
961,2025,8,24,19,0,"194","px min","SIM1"
962,2025,8,24,19,0,"195","px max","SIM1"
963,2025,8,24,19,0,"30","count sample","SIM1"
964,2025,8,24,19,15,"193.2","px moyen","SIM1"
965,2025,8,24,19,15,"193","px min","SIM1"
966,2025,8,24,19,15,"194","px max","SIM1"
967,2025,8,24,19,15,"30","count sample","SIM1"
968,2025,8,24,19,30,"192","px moyen","SIM1"
969,2025,8,24,19,30,"192","px min","SIM1"
970,2025,8,24,19,30,"192","px max","SIM1"
971,2025,8,24,19,30,"30","count sample","SIM1"
972,2025,8,24,19,45,"195.13333333333333","px moyen","SIM1"
973,2025,8,24,19,45,"195","px min","SIM1"
974,2025,8,24,19,45,"196","px max","SIM1"
975,2025,8,24,19,45,"30","count sample","SIM1"
976,2025,8,24,20,0,"183.9","px moyen","SIM1"
977,2025,8,24,20,0,"183","px min","SIM1"
978,2025,8,24,20,0,"184","px max","SIM1"
979,2025,8,24,20,0,"30","count sample","SIM1"
980,2025,8,24,20,15,"168.7","px moyen","SIM1"
981,2025,8,24,20,15,"166","px min","SIM1"
982,2025,8,24,20,15,"174","px max","SIM1"
983,2025,8,24,20,15,"30","count sample","SIM1"
984,2025,8,24,20,30,"153.8","px moyen","SIM1"
985,2025,8,24,20,30,"135","px min","SIM1"
986,2025,8,24,20,30,"161","px max","SIM1"
987,2025,8,24,20,30,"30","count sample","SIM1"
988,2025,8,24,20,45,"180.86666666666667","px moyen","SIM1"
989,2025,8,24,20,45,"164","px min","SIM1"
990,2025,8,24,20,45,"210","px max","SIM1"
991,2025,8,24,20,45,"30","count sample","SIM1"
992,2025,8,24,21,0,"152.93333333333334","px moyen","SIM1"
993,2025,8,24,21,0,"110","px min","SIM1"
994,2025,8,24,21,0,"173","px max","SIM1"
995,2025,8,24,21,0,"30","count sample","SIM1"
996,2025,8,24,21,15,"93.6","px moyen","SIM1"
997,2025,8,24,21,15,"62","px min","SIM1"
998,2025,8,24,21,15,"115","px max","SIM1"
999,2025,8,24,21,15,"30","count sample","SIM1"
1000,2025,8,24,21,30,"169.96666666666667","px moyen","SIM1"
1001,2025,8,24,21,30,"164","px min","SIM1"
1002,2025,8,24,21,30,"174","px max","SIM1"
1003,2025,8,24,21,30,"30","count sample","SIM1"
1004,2025,8,24,21,45,"146.86666666666667","px moyen","SIM1"
1005,2025,8,24,21,45,"101","px min","SIM1"
1006,2025,8,24,21,45,"171","px max","SIM1"
1007,2025,8,24,21,45,"30","count sample","SIM1"
1008,2025,8,24,22,0,"116.3","px moyen","SIM1"
1009,2025,8,24,22,0,"72","px min","SIM1"
1010,2025,8,24,22,0,"157","px max","SIM1"
1011,2025,8,24,22,0,"30","count sample","SIM1"
1012,2025,8,24,22,15,"122","px moyen","SIM1"
1013,2025,8,24,22,15,"86","px min","SIM1"
1014,2025,8,24,22,15,"168","px max","SIM1"
1015,2025,8,24,22,15,"30","count sample","SIM1"
1016,2025,8,24,22,30,"150.76666666666668","px moyen","SIM1"
1017,2025,8,24,22,30,"139","px min","SIM1"
1018,2025,8,24,22,30,"161","px max","SIM1"
1019,2025,8,24,22,30,"30","count sample","SIM1"
1020,2025,8,24,22,45,"195.56666666666666","px moyen","SIM1"
1021,2025,8,24,22,45,"174","px min","SIM1"
1022,2025,8,24,22,45,"216","px max","SIM1"
1023,2025,8,24,22,45,"30","count sample","SIM1"
1024,2025,8,24,23,0,"118","px moyen","SIM1"
1025,2025,8,24,23,0,"78","px min","SIM1"
1026,2025,8,24,23,0,"149","px max","SIM1"
1027,2025,8,24,23,0,"30","count sample","SIM1"
1028,2025,8,24,23,15,"161.4","px moyen","SIM1"
1029,2025,8,24,23,15,"136","px min","SIM1"
1030,2025,8,24,23,15,"183","px max","SIM1"
1031,2025,8,24,23,15,"30","count sample","SIM1"
1032,2025,8,24,23,30,"166.9","px moyen","SIM1"
1033,2025,8,24,23,30,"141","px min","SIM1"
1034,2025,8,24,23,30,"173","px max","SIM1"
1035,2025,8,24,23,30,"30","count sample","SIM1"
1036,2025,8,24,23,45,"133.53333333333333","px moyen","SIM1"
1037,2025,8,24,23,45,"126","px min","SIM1"
1038,2025,8,24,23,45,"154","px max","SIM1"
1039,2025,8,24,23,45,"30","count sample","SIM1"
1040,2025,8,25,0,0,"137.8","px moyen","SIM1"
1041,2025,8,25,0,0,"126","px min","SIM1"
1042,2025,8,25,0,0,"177","px max","SIM1"
1043,2025,8,25,0,0,"30","count sample","SIM1"
1044,2025,8,25,0,15,"136.3","px moyen","SIM1"
1045,2025,8,25,0,15,"128","px min","SIM1"
1046,2025,8,25,0,15,"141","px max","SIM1"
1047,2025,8,25,0,15,"30","count sample","SIM1"
1048,2025,8,25,0,30,"202.73333333333332","px moyen","SIM1"
1049,2025,8,25,0,30,"183","px min","SIM1"
1050,2025,8,25,0,30,"218","px max","SIM1"
1051,2025,8,25,0,30,"30","count sample","SIM1"
1052,2025,8,25,0,45,"148.2","px moyen","SIM1"
1053,2025,8,25,0,45,"118","px min","SIM1"
1054,2025,8,25,0,45,"180","px max","SIM1"
1055,2025,8,25,0,45,"30","count sample","SIM1"
1056,2025,8,25,1,0,"134.03333333333333","px moyen","SIM1"
1057,2025,8,25,1,0,"117","px min","SIM1"
1058,2025,8,25,1,0,"141","px max","SIM1"
1059,2025,8,25,1,0,"30","count sample","SIM1"
1060,2025,8,25,1,15,"191.73333333333332","px moyen","SIM1"
1061,2025,8,25,1,15,"163","px min","SIM1"
1062,2025,8,25,1,15,"208","px max","SIM1"
1063,2025,8,25,1,15,"30","count sample","SIM1"
1064,2025,8,25,1,30,"176.16666666666666","px moyen","SIM1"
1065,2025,8,25,1,30,"155","px min","SIM1"
1066,2025,8,25,1,30,"207","px max","SIM1"
1067,2025,8,25,1,30,"30","count sample","SIM1"
1068,2025,8,25,1,45,"153.2","px moyen","SIM1"
1069,2025,8,25,1,45,"143","px min","SIM1"
1070,2025,8,25,1,45,"171","px max","SIM1"
1071,2025,8,25,1,45,"30","count sample","SIM1"
1072,2025,8,25,2,0,"121.76666666666667","px moyen","SIM1"
1073,2025,8,25,2,0,"112","px min","SIM1"
1074,2025,8,25,2,0,"134","px max","SIM1"
1075,2025,8,25,2,0,"30","count sample","SIM1"
1076,2025,8,25,2,15,"129.43333333333334","px moyen","SIM1"
1077,2025,8,25,2,15,"116","px min","SIM1"
1078,2025,8,25,2,15,"140","px max","SIM1"
1079,2025,8,25,2,15,"30","count sample","SIM1"
1080,2025,8,25,2,30,"166.43333333333334","px moyen","SIM1"
1081,2025,8,25,2,30,"143","px min","SIM1"
1082,2025,8,25,2,30,"194","px max","SIM1"
1083,2025,8,25,2,30,"30","count sample","SIM1"
1084,2025,8,25,2,45,"57.86666666666667","px moyen","SIM1"
1085,2025,8,25,2,45,"36","px min","SIM1"
1086,2025,8,25,2,45,"74","px max","SIM1"
1087,2025,8,25,2,45,"30","count sample","SIM1"
1088,2025,8,25,3,0,"146.76666666666668","px moyen","SIM1"
1089,2025,8,25,3,0,"133","px min","SIM1"
1090,2025,8,25,3,0,"167","px max","SIM1"
1091,2025,8,25,3,0,"30","count sample","SIM1"
1092,2025,8,25,3,15,"114.8","px moyen","SIM1"
1093,2025,8,25,3,15,"79","px min","SIM1"
1094,2025,8,25,3,15,"135","px max","SIM1"
1095,2025,8,25,3,15,"30","count sample","SIM1"
1096,2025,8,25,3,30,"148.86666666666667","px moyen","SIM1"
1097,2025,8,25,3,30,"129","px min","SIM1"
1098,2025,8,25,3,30,"161","px max","SIM1"
1099,2025,8,25,3,30,"30","count sample","SIM1"
1100,2025,8,25,3,45,"99.3","px moyen","SIM1"
1101,2025,8,25,3,45,"23","px min","SIM1"
1102,2025,8,25,3,45,"137","px max","SIM1"
1103,2025,8,25,3,45,"30","count sample","SIM1"
1104,2025,8,25,4,0,"176.9","px moyen","SIM1"
1105,2025,8,25,4,0,"143","px min","SIM1"
1106,2025,8,25,4,0,"198","px max","SIM1"
1107,2025,8,25,4,0,"30","count sample","SIM1"
1108,2025,8,25,4,15,"130.76666666666668","px moyen","SIM1"
1109,2025,8,25,4,15,"82","px min","SIM1"
1110,2025,8,25,4,15,"166","px max","SIM1"
1111,2025,8,25,4,15,"30","count sample","SIM1"
1112,2025,8,25,4,30,"23.366666666666667","px moyen","SIM1"
1113,2025,8,25,4,30,"16","px min","SIM1"
1114,2025,8,25,4,30,"30","px max","SIM1"
1115,2025,8,25,4,30,"30","count sample","SIM1"
1116,2025,8,25,4,45,"168.93333333333334","px moyen","SIM1"
1117,2025,8,25,4,45,"154","px min","SIM1"
1118,2025,8,25,4,45,"173","px max","SIM1"
1119,2025,8,25,4,45,"30","count sample","SIM1"
1120,2025,8,25,5,0,"186.5","px moyen","SIM1"
1121,2025,8,25,5,0,"181","px min","SIM1"
1122,2025,8,25,5,0,"197","px max","SIM1"
1123,2025,8,25,5,0,"30","count sample","SIM1"
1124,2025,8,25,5,15,"175.36666666666667","px moyen","SIM1"
1125,2025,8,25,5,15,"175","px min","SIM1"
1126,2025,8,25,5,15,"176","px max","SIM1"
1127,2025,8,25,5,15,"30","count sample","SIM1"
1128,2025,8,25,5,30,"198.16666666666666","px moyen","SIM1"
1129,2025,8,25,5,30,"197","px min","SIM1"
1130,2025,8,25,5,30,"199","px max","SIM1"
1131,2025,8,25,5,30,"30","count sample","SIM1"
1132,2025,8,25,5,45,"193.13333333333333","px moyen","SIM1"
1133,2025,8,25,5,45,"192","px min","SIM1"
1134,2025,8,25,5,45,"194","px max","SIM1"
1135,2025,8,25,5,45,"30","count sample","SIM1"
1136,2025,8,25,6,0,"192","px moyen","SIM1"
1137,2025,8,25,6,0,"192","px min","SIM1"
1138,2025,8,25,6,0,"192","px max","SIM1"
1139,2025,8,25,6,0,"30","count sample","SIM1"
1140,2025,8,25,6,15,"192.46666666666667","px moyen","SIM1"
1141,2025,8,25,6,15,"191","px min","SIM1"
1142,2025,8,25,6,15,"193","px max","SIM1"
1143,2025,8,25,6,15,"30","count sample","SIM1"
1144,2025,8,25,6,30,"191.7","px moyen","SIM1"
1145,2025,8,25,6,30,"191","px min","SIM1"
1146,2025,8,25,6,30,"193","px max","SIM1"
1147,2025,8,25,6,30,"30","count sample","SIM1"
1148,2025,8,25,6,45,"191.23333333333332","px moyen","SIM1"
1149,2025,8,25,6,45,"191","px min","SIM1"
1150,2025,8,25,6,45,"192","px max","SIM1"
1151,2025,8,25,6,45,"30","count sample","SIM1"
1152,2025,8,25,7,0,"192.06666666666666","px moyen","SIM1"
1153,2025,8,25,7,0,"191","px min","SIM1"
1154,2025,8,25,7,0,"193","px max","SIM1"
1155,2025,8,25,7,0,"30","count sample","SIM1"
1156,2025,8,25,7,15,"190.23333333333332","px moyen","SIM1"
1157,2025,8,25,7,15,"189","px min","SIM1"
1158,2025,8,25,7,15,"191","px max","SIM1"
1159,2025,8,25,7,15,"30","count sample","SIM1"
1160,2025,8,25,7,30,"190.43333333333334","px moyen","SIM1"
1161,2025,8,25,7,30,"190","px min","SIM1"
1162,2025,8,25,7,30,"193","px max","SIM1"
1163,2025,8,25,7,30,"30","count sample","SIM1"
1164,2025,8,25,7,45,"192.03333333333333","px moyen","SIM1"
1165,2025,8,25,7,45,"191","px min","SIM1"
1166,2025,8,25,7,45,"194","px max","SIM1"
1167,2025,8,25,7,45,"30","count sample","SIM1"
1168,2025,8,25,8,0,"192.76666666666668","px moyen","SIM1"
1169,2025,8,25,8,0,"191","px min","SIM1"
1170,2025,8,25,8,0,"194","px max","SIM1"
1171,2025,8,25,8,0,"30","count sample","SIM1"
1172,2025,8,25,8,15,"190.8","px moyen","SIM1"
1173,2025,8,25,8,15,"190","px min","SIM1"
1174,2025,8,25,8,15,"191","px max","SIM1"
1175,2025,8,25,8,15,"30","count sample","SIM1"
1176,2025,8,25,8,30,"193","px moyen","SIM1"
1177,2025,8,25,8,30,"193","px min","SIM1"
1178,2025,8,25,8,30,"193","px max","SIM1"
1179,2025,8,25,8,30,"30","count sample","SIM1"
1180,2025,8,25,8,45,"190.83333333333334","px moyen","SIM1"
1181,2025,8,25,8,45,"190","px min","SIM1"
1182,2025,8,25,8,45,"191","px max","SIM1"
1183,2025,8,25,8,45,"30","count sample","SIM1"
1184,2025,8,25,9,0,"191.5","px moyen","SIM1"
1185,2025,8,25,9,0,"190","px min","SIM1"
1186,2025,8,25,9,0,"192","px max","SIM1"
1187,2025,8,25,9,0,"30","count sample","SIM1"
1188,2025,8,25,9,15,"193.36666666666667","px moyen","SIM1"
1189,2025,8,25,9,15,"192","px min","SIM1"
1190,2025,8,25,9,15,"195","px max","SIM1"
1191,2025,8,25,9,15,"30","count sample","SIM1"
1192,2025,8,25,9,30,"190.23333333333332","px moyen","SIM1"
1193,2025,8,25,9,30,"190","px min","SIM1"
1194,2025,8,25,9,30,"191","px max","SIM1"
1195,2025,8,25,9,30,"30","count sample","SIM1"
1196,2025,8,25,9,45,"191.56666666666666","px moyen","SIM1"
1197,2025,8,25,9,45,"190","px min","SIM1"
1198,2025,8,25,9,45,"193","px max","SIM1"
1199,2025,8,25,9,45,"30","count sample","SIM1"
1200,2025,8,25,10,0,"191","px moyen","SIM1"
1201,2025,8,25,10,0,"190","px min","SIM1"
1202,2025,8,25,10,0,"193","px max","SIM1"
1203,2025,8,25,10,0,"30","count sample","SIM1"
1204,2025,8,25,10,15,"193.9","px moyen","SIM1"
1205,2025,8,25,10,15,"193","px min","SIM1"
1206,2025,8,25,10,15,"197","px max","SIM1"
1207,2025,8,25,10,15,"30","count sample","SIM1"
1208,2025,8,25,10,30,"192.83333333333334","px moyen","SIM1"
1209,2025,8,25,10,30,"192","px min","SIM1"
1210,2025,8,25,10,30,"194","px max","SIM1"
1211,2025,8,25,10,30,"30","count sample","SIM1"
1212,2025,8,25,10,45,"186.06666666666666","px moyen","SIM1"
1213,2025,8,25,10,45,"185","px min","SIM1"
1214,2025,8,25,10,45,"187","px max","SIM1"
1215,2025,8,25,10,45,"30","count sample","SIM1"
1216,2025,8,25,11,0,"186.93333333333334","px moyen","SIM1"
1217,2025,8,25,11,0,"186","px min","SIM1"
1218,2025,8,25,11,0,"187","px max","SIM1"
1219,2025,8,25,11,0,"30","count sample","SIM1"
1220,2025,8,25,11,15,"185.4","px moyen","SIM1"
1221,2025,8,25,11,15,"184","px min","SIM1"
1222,2025,8,25,11,15,"186","px max","SIM1"
1223,2025,8,25,11,15,"30","count sample","SIM1"
1224,2025,8,25,11,30,"190.76666666666668","px moyen","SIM1"
1225,2025,8,25,11,30,"189","px min","SIM1"
1226,2025,8,25,11,30,"192","px max","SIM1"
1227,2025,8,25,11,30,"30","count sample","SIM1"
1228,2025,8,25,11,45,"190.16666666666666","px moyen","SIM1"
1229,2025,8,25,11,45,"190","px min","SIM1"
1230,2025,8,25,11,45,"191","px max","SIM1"
1231,2025,8,25,11,45,"30","count sample","SIM1"
1232,2025,8,25,12,0,"186.5","px moyen","SIM1"
1233,2025,8,25,12,0,"185","px min","SIM1"
1234,2025,8,25,12,0,"188","px max","SIM1"
1235,2025,8,25,12,0,"30","count sample","SIM1"
1236,2025,8,25,12,15,"189.56666666666666","px moyen","SIM1"
1237,2025,8,25,12,15,"189","px min","SIM1"
1238,2025,8,25,12,15,"190","px max","SIM1"
1239,2025,8,25,12,15,"30","count sample","SIM1"
1240,2025,8,25,12,30,"192.06666666666666","px moyen","SIM1"
1241,2025,8,25,12,30,"190","px min","SIM1"
1242,2025,8,25,12,30,"194","px max","SIM1"
1243,2025,8,25,12,30,"30","count sample","SIM1"
1244,2025,8,25,12,45,"189.5","px moyen","SIM1"
1245,2025,8,25,12,45,"188","px min","SIM1"
1246,2025,8,25,12,45,"191","px max","SIM1"
1247,2025,8,25,12,45,"30","count sample","SIM1"
1248,2025,8,25,13,0,"189.03333333333333","px moyen","SIM1"
1249,2025,8,25,13,0,"189","px min","SIM1"
1250,2025,8,25,13,0,"190","px max","SIM1"
1251,2025,8,25,13,0,"30","count sample","SIM1"
1252,2025,8,25,13,15,"189.2","px moyen","SIM1"
1253,2025,8,25,13,15,"186","px min","SIM1"
1254,2025,8,25,13,15,"192","px max","SIM1"
1255,2025,8,25,13,15,"30","count sample","SIM1"
1256,2025,8,25,13,30,"190.23333333333332","px moyen","SIM1"
1257,2025,8,25,13,30,"189","px min","SIM1"
1258,2025,8,25,13,30,"191","px max","SIM1"
1259,2025,8,25,13,30,"30","count sample","SIM1"
1260,2025,8,25,13,45,"188.7","px moyen","SIM1"
1261,2025,8,25,13,45,"186","px min","SIM1"
1262,2025,8,25,13,45,"190","px max","SIM1"
1263,2025,8,25,13,45,"30","count sample","SIM1"
1264,2025,8,25,14,0,"190.36666666666667","px moyen","SIM1"
1265,2025,8,25,14,0,"190","px min","SIM1"
1266,2025,8,25,14,0,"192","px max","SIM1"
1267,2025,8,25,14,0,"30","count sample","SIM1"
1268,2025,8,25,14,15,"192.9","px moyen","SIM1"
1269,2025,8,25,14,15,"191","px min","SIM1"
1270,2025,8,25,14,15,"195","px max","SIM1"
1271,2025,8,25,14,15,"30","count sample","SIM1"
1272,2025,8,25,14,30,"187.4","px moyen","SIM1"
1273,2025,8,25,14,30,"186","px min","SIM1"
1274,2025,8,25,14,30,"190","px max","SIM1"
1275,2025,8,25,14,30,"30","count sample","SIM1"
1276,2025,8,25,14,45,"202.46666666666667","px moyen","SIM1"
1277,2025,8,25,14,45,"199","px min","SIM1"
1278,2025,8,25,14,45,"206","px max","SIM1"
1279,2025,8,25,14,45,"30","count sample","SIM1"
1280,2025,8,25,15,0,"210","px moyen","SIM1"
1281,2025,8,25,15,0,"206","px min","SIM1"
1282,2025,8,25,15,0,"213","px max","SIM1"
1283,2025,8,25,15,0,"30","count sample","SIM1"
1284,2025,8,25,15,15,"214.93333333333334","px moyen","SIM1"
1285,2025,8,25,15,15,"209","px min","SIM1"
1286,2025,8,25,15,15,"223","px max","SIM1"
1287,2025,8,25,15,15,"30","count sample","SIM1"
1288,2025,8,25,15,30,"222.63333333333333","px moyen","SIM1"
1289,2025,8,25,15,30,"221","px min","SIM1"
1290,2025,8,25,15,30,"225","px max","SIM1"
1291,2025,8,25,15,30,"30","count sample","SIM1"
1292,2025,8,25,15,45,"193.7","px moyen","SIM1"
1293,2025,8,25,15,45,"193","px min","SIM1"
1294,2025,8,25,15,45,"194","px max","SIM1"
1295,2025,8,25,15,45,"30","count sample","SIM1"
1296,2025,8,25,16,0,"209.86666666666667","px moyen","SIM1"
1297,2025,8,25,16,0,"204","px min","SIM1"
1298,2025,8,25,16,0,"215","px max","SIM1"
1299,2025,8,25,16,0,"30","count sample","SIM1"
1300,2025,8,25,16,15,"127.96666666666667","px moyen","SIM1"
1301,2025,8,25,16,15,"123","px min","SIM1"
1302,2025,8,25,16,15,"133","px max","SIM1"
1303,2025,8,25,16,15,"30","count sample","SIM1"
1304,2025,8,25,16,30,"123.46666666666667","px moyen","SIM1"
1305,2025,8,25,16,30,"106","px min","SIM1"
1306,2025,8,25,16,30,"138","px max","SIM1"
1307,2025,8,25,16,30,"30","count sample","SIM1"
1308,2025,8,25,16,45,"234","px moyen","SIM1"
1309,2025,8,25,16,45,"230","px min","SIM1"
1310,2025,8,25,16,45,"238","px max","SIM1"
1311,2025,8,25,16,45,"30","count sample","SIM1"
1312,2025,8,25,17,0,"216.06666666666666","px moyen","SIM1"
1313,2025,8,25,17,0,"208","px min","SIM1"
1314,2025,8,25,17,0,"229","px max","SIM1"
1315,2025,8,25,17,0,"30","count sample","SIM1"
1316,2025,8,25,17,15,"195.33333333333334","px moyen","SIM1"
1317,2025,8,25,17,15,"193","px min","SIM1"
1318,2025,8,25,17,15,"197","px max","SIM1"
1319,2025,8,25,17,15,"30","count sample","SIM1"
1320,2025,8,25,17,30,"196.1","px moyen","SIM1"
1321,2025,8,25,17,30,"195","px min","SIM1"
1322,2025,8,25,17,30,"197","px max","SIM1"
1323,2025,8,25,17,30,"30","count sample","SIM1"
1324,2025,8,25,17,45,"271.96666666666664","px moyen","SIM1"
1325,2025,8,25,17,45,"264","px min","SIM1"
1326,2025,8,25,17,45,"278","px max","SIM1"
1327,2025,8,25,17,45,"30","count sample","SIM1"
1328,2025,8,25,18,0,"195.9","px moyen","SIM1"
1329,2025,8,25,18,0,"195","px min","SIM1"
1330,2025,8,25,18,0,"197","px max","SIM1"
1331,2025,8,25,18,0,"30","count sample","SIM1"
1332,2025,8,25,18,15,"188.6","px moyen","SIM1"
1333,2025,8,25,18,15,"188","px min","SIM1"
1334,2025,8,25,18,15,"190","px max","SIM1"
1335,2025,8,25,18,15,"30","count sample","SIM1"
1336,2025,8,25,18,30,"188.56666666666666","px moyen","SIM1"
1337,2025,8,25,18,30,"187","px min","SIM1"
1338,2025,8,25,18,30,"189","px max","SIM1"
1339,2025,8,25,18,30,"30","count sample","SIM1"
1340,2025,8,25,18,45,"194.1","px moyen","SIM1"
1341,2025,8,25,18,45,"193","px min","SIM1"
1342,2025,8,25,18,45,"195","px max","SIM1"
1343,2025,8,25,18,45,"30","count sample","SIM1"
1344,2025,8,25,19,0,"197.6","px moyen","SIM1"
1345,2025,8,25,19,0,"197","px min","SIM1"
1346,2025,8,25,19,0,"198","px max","SIM1"
1347,2025,8,25,19,0,"30","count sample","SIM1"
1348,2025,8,25,19,15,"201.66666666666666","px moyen","SIM1"
1349,2025,8,25,19,15,"201","px min","SIM1"
1350,2025,8,25,19,15,"203","px max","SIM1"
1351,2025,8,25,19,15,"30","count sample","SIM1"
1352,2025,8,25,19,30,"198.93333333333334","px moyen","SIM1"
1353,2025,8,25,19,30,"198","px min","SIM1"
1354,2025,8,25,19,30,"200","px max","SIM1"
1355,2025,8,25,19,30,"30","count sample","SIM1"
1356,2025,8,25,19,45,"221.8","px moyen","SIM1"
1357,2025,8,25,19,45,"220","px min","SIM1"
1358,2025,8,25,19,45,"225","px max","SIM1"
1359,2025,8,25,19,45,"30","count sample","SIM1"
1360,2025,8,25,20,0,"203.33333333333334","px moyen","SIM1"
1361,2025,8,25,20,0,"201","px min","SIM1"
1362,2025,8,25,20,0,"206","px max","SIM1"
1363,2025,8,25,20,0,"30","count sample","SIM1"
1364,2025,8,25,20,15,"195.1","px moyen","SIM1"
1365,2025,8,25,20,15,"194","px min","SIM1"
1366,2025,8,25,20,15,"196","px max","SIM1"
1367,2025,8,25,20,15,"30","count sample","SIM1"
1368,2025,8,25,20,30,"190.2","px moyen","SIM1"
1369,2025,8,25,20,30,"186","px min","SIM1"
1370,2025,8,25,20,30,"203","px max","SIM1"
1371,2025,8,25,20,30,"30","count sample","SIM1"
1372,2025,8,25,20,45,"253.96666666666667","px moyen","SIM1"
1373,2025,8,25,20,45,"251","px min","SIM1"
1374,2025,8,25,20,45,"260","px max","SIM1"
1375,2025,8,25,20,45,"30","count sample","SIM1"
1376,2025,8,25,21,0,"189.66666666666666","px moyen","SIM1"
1377,2025,8,25,21,0,"182","px min","SIM1"
1378,2025,8,25,21,0,"196","px max","SIM1"
1379,2025,8,25,21,0,"30","count sample","SIM1"
1380,2025,8,25,21,15,"216.93333333333334","px moyen","SIM1"
1381,2025,8,25,21,15,"211","px min","SIM1"
1382,2025,8,25,21,15,"222","px max","SIM1"
1383,2025,8,25,21,15,"30","count sample","SIM1"
1384,2025,8,25,21,30,"201.03333333333333","px moyen","SIM1"
1385,2025,8,25,21,30,"198","px min","SIM1"
1386,2025,8,25,21,30,"204","px max","SIM1"
1387,2025,8,25,21,30,"30","count sample","SIM1"
1388,2025,8,25,21,45,"200.73333333333332","px moyen","SIM1"
1389,2025,8,25,21,45,"196","px min","SIM1"
1390,2025,8,25,21,45,"205","px max","SIM1"
1391,2025,8,25,21,45,"30","count sample","SIM1"
1392,2025,8,25,22,0,"217.36666666666667","px moyen","SIM1"
1393,2025,8,25,22,0,"210","px min","SIM1"
1394,2025,8,25,22,0,"223","px max","SIM1"
1395,2025,8,25,22,0,"30","count sample","SIM1"
1396,2025,8,25,22,15,"201.76666666666668","px moyen","SIM1"
1397,2025,8,25,22,15,"197","px min","SIM1"
1398,2025,8,25,22,15,"208","px max","SIM1"
1399,2025,8,25,22,15,"30","count sample","SIM1"
1400,2025,8,25,22,30,"200.83333333333334","px moyen","SIM1"
1401,2025,8,25,22,30,"186","px min","SIM1"
1402,2025,8,25,22,30,"215","px max","SIM1"
1403,2025,8,25,22,30,"30","count sample","SIM1"
1404,2025,8,25,22,45,"216.33333333333334","px moyen","SIM1"
1405,2025,8,25,22,45,"213","px min","SIM1"
1406,2025,8,25,22,45,"220","px max","SIM1"
1407,2025,8,25,22,45,"30","count sample","SIM1"
1408,2025,8,25,23,0,"205.03333333333333","px moyen","SIM1"
1409,2025,8,25,23,0,"202","px min","SIM1"
1410,2025,8,25,23,0,"209","px max","SIM1"
1411,2025,8,25,23,0,"30","count sample","SIM1"
1412,2025,8,25,23,15,"203.5","px moyen","SIM1"
1413,2025,8,25,23,15,"197","px min","SIM1"
1414,2025,8,25,23,15,"211","px max","SIM1"
1415,2025,8,25,23,15,"30","count sample","SIM1"
1416,2025,8,25,23,30,"208.26666666666668","px moyen","SIM1"
1417,2025,8,25,23,30,"201","px min","SIM1"
1418,2025,8,25,23,30,"214","px max","SIM1"
1419,2025,8,25,23,30,"30","count sample","SIM1"
1420,2025,8,25,23,45,"199.33333333333334","px moyen","SIM1"
1421,2025,8,25,23,45,"191","px min","SIM1"
1422,2025,8,25,23,45,"206","px max","SIM1"
1423,2025,8,25,23,45,"30","count sample","SIM1"
1424,2025,8,26,0,0,"214.1","px moyen","SIM1"
1425,2025,8,26,0,0,"211","px min","SIM1"
1426,2025,8,26,0,0,"217","px max","SIM1"
1427,2025,8,26,0,0,"30","count sample","SIM1"
1428,2025,8,26,0,15,"197.8","px moyen","SIM1"
1429,2025,8,26,0,15,"193","px min","SIM1"
1430,2025,8,26,0,15,"208","px max","SIM1"
1431,2025,8,26,0,15,"30","count sample","SIM1"
1432,2025,8,26,0,30,"205.06666666666666","px moyen","SIM1"
1433,2025,8,26,0,30,"199","px min","SIM1"
1434,2025,8,26,0,30,"218","px max","SIM1"
1435,2025,8,26,0,30,"30","count sample","SIM1"
1436,2025,8,26,0,45,"204.03333333333333","px moyen","SIM1"
1437,2025,8,26,0,45,"201","px min","SIM1"
1438,2025,8,26,0,45,"207","px max","SIM1"
1439,2025,8,26,0,45,"30","count sample","SIM1"
1440,2025,8,26,1,0,"230.13333333333333","px moyen","SIM1"
1441,2025,8,26,1,0,"207","px min","SIM1"
1442,2025,8,26,1,0,"243","px max","SIM1"
1443,2025,8,26,1,0,"30","count sample","SIM1"
1444,2025,8,26,1,15,"183.26666666666668","px moyen","SIM1"
1445,2025,8,26,1,15,"180","px min","SIM1"
1446,2025,8,26,1,15,"186","px max","SIM1"
1447,2025,8,26,1,15,"30","count sample","SIM1"
1448,2025,8,26,1,30,"200","px moyen","SIM1"
1449,2025,8,26,1,30,"198","px min","SIM1"
1450,2025,8,26,1,30,"202","px max","SIM1"
1451,2025,8,26,1,30,"30","count sample","SIM1"
1452,2025,8,26,1,45,"180.73333333333332","px moyen","SIM1"
1453,2025,8,26,1,45,"180","px min","SIM1"
1454,2025,8,26,1,45,"183","px max","SIM1"
1455,2025,8,26,1,45,"30","count sample","SIM1"
1456,2025,8,26,2,0,"245.76666666666668","px moyen","SIM1"
1457,2025,8,26,2,0,"240","px min","SIM1"
1458,2025,8,26,2,0,"256","px max","SIM1"
1459,2025,8,26,2,0,"30","count sample","SIM1"
1460,2025,8,26,2,15,"195.43333333333334","px moyen","SIM1"
1461,2025,8,26,2,15,"189","px min","SIM1"
1462,2025,8,26,2,15,"200","px max","SIM1"
1463,2025,8,26,2,15,"30","count sample","SIM1"
1464,2025,8,26,2,30,"184.63333333333333","px moyen","SIM1"
1465,2025,8,26,2,30,"182","px min","SIM1"
1466,2025,8,26,2,30,"188","px max","SIM1"
1467,2025,8,26,2,30,"30","count sample","SIM1"
1468,2025,8,26,2,45,"216.03333333333333","px moyen","SIM1"
1469,2025,8,26,2,45,"209","px min","SIM1"
1470,2025,8,26,2,45,"220","px max","SIM1"
1471,2025,8,26,2,45,"30","count sample","SIM1"
1472,2025,8,26,3,0,"201.8","px moyen","SIM1"
1473,2025,8,26,3,0,"198","px min","SIM1"
1474,2025,8,26,3,0,"205","px max","SIM1"
1475,2025,8,26,3,0,"30","count sample","SIM1"
1476,2025,8,26,3,15,"223.23333333333332","px moyen","SIM1"
1477,2025,8,26,3,15,"219","px min","SIM1"
1478,2025,8,26,3,15,"227","px max","SIM1"
1479,2025,8,26,3,15,"30","count sample","SIM1"
1480,2025,8,26,3,30,"208.3","px moyen","SIM1"
1481,2025,8,26,3,30,"201","px min","SIM1"
1482,2025,8,26,3,30,"211","px max","SIM1"
1483,2025,8,26,3,30,"30","count sample","SIM1"
1484,2025,8,26,3,45,"231.3","px moyen","SIM1"
1485,2025,8,26,3,45,"226","px min","SIM1"
1486,2025,8,26,3,45,"236","px max","SIM1"
1487,2025,8,26,3,45,"30","count sample","SIM1"
1488,2025,8,26,4,0,"231.43333333333334","px moyen","SIM1"
1489,2025,8,26,4,0,"217","px min","SIM1"
1490,2025,8,26,4,0,"240","px max","SIM1"
1491,2025,8,26,4,0,"30","count sample","SIM1"
1492,2025,8,26,4,15,"212.53333333333333","px moyen","SIM1"
1493,2025,8,26,4,15,"206","px min","SIM1"
1494,2025,8,26,4,15,"219","px max","SIM1"
1495,2025,8,26,4,15,"30","count sample","SIM1"
1496,2025,8,26,4,30,"222.03333333333333","px moyen","SIM1"
1497,2025,8,26,4,30,"219","px min","SIM1"
1498,2025,8,26,4,30,"226","px max","SIM1"
1499,2025,8,26,4,30,"30","count sample","SIM1"
1500,2025,8,26,4,45,"211.93333333333334","px moyen","SIM1"
1501,2025,8,26,4,45,"206","px min","SIM1"
1502,2025,8,26,4,45,"219","px max","SIM1"
1503,2025,8,26,4,45,"30","count sample","SIM1"
1504,2025,8,26,5,0,"188.73333333333332","px moyen","SIM1"
1505,2025,8,26,5,0,"187","px min","SIM1"
1506,2025,8,26,5,0,"191","px max","SIM1"
1507,2025,8,26,5,0,"30","count sample","SIM1"
1508,2025,8,26,5,15,"195.83333333333334","px moyen","SIM1"
1509,2025,8,26,5,15,"191","px min","SIM1"
1510,2025,8,26,5,15,"200","px max","SIM1"
1511,2025,8,26,5,15,"30","count sample","SIM1"
1512,2025,8,26,5,30,"198.2","px moyen","SIM1"
1513,2025,8,26,5,30,"197","px min","SIM1"
1514,2025,8,26,5,30,"200","px max","SIM1"
1515,2025,8,26,5,30,"30","count sample","SIM1"
1516,2025,8,26,5,45,"198.6","px moyen","SIM1"
1517,2025,8,26,5,45,"197","px min","SIM1"
1518,2025,8,26,5,45,"200","px max","SIM1"
1519,2025,8,26,5,45,"30","count sample","SIM1"
1520,2025,8,26,6,0,"199.93333333333334","px moyen","SIM1"
1521,2025,8,26,6,0,"199","px min","SIM1"
1522,2025,8,26,6,0,"202","px max","SIM1"
1523,2025,8,26,6,0,"30","count sample","SIM1"
1524,2025,8,26,6,15,"199.26666666666668","px moyen","SIM1"
1525,2025,8,26,6,15,"198","px min","SIM1"
1526,2025,8,26,6,15,"200","px max","SIM1"
1527,2025,8,26,6,15,"30","count sample","SIM1"
1528,2025,8,26,6,30,"205.23333333333332","px moyen","SIM1"
1529,2025,8,26,6,30,"204","px min","SIM1"
1530,2025,8,26,6,30,"208","px max","SIM1"
1531,2025,8,26,6,30,"30","count sample","SIM1"
1532,2025,8,26,6,45,"204.5","px moyen","SIM1"
1533,2025,8,26,6,45,"202","px min","SIM1"
1534,2025,8,26,6,45,"207","px max","SIM1"
1535,2025,8,26,6,45,"30","count sample","SIM1"
1536,2025,8,26,7,0,"199.4","px moyen","SIM1"
1537,2025,8,26,7,0,"197","px min","SIM1"
1538,2025,8,26,7,0,"201","px max","SIM1"
1539,2025,8,26,7,0,"30","count sample","SIM1"
1540,2025,8,26,7,15,"203.76666666666668","px moyen","SIM1"
1541,2025,8,26,7,15,"201","px min","SIM1"
1542,2025,8,26,7,15,"206","px max","SIM1"
1543,2025,8,26,7,15,"30","count sample","SIM1"
1544,2025,8,26,7,30,"204.26666666666668","px moyen","SIM1"
1545,2025,8,26,7,30,"202","px min","SIM1"
1546,2025,8,26,7,30,"209","px max","SIM1"
1547,2025,8,26,7,30,"30","count sample","SIM1"
1548,2025,8,26,7,45,"197.33333333333334","px moyen","SIM1"
1549,2025,8,26,7,45,"197","px min","SIM1"
1550,2025,8,26,7,45,"199","px max","SIM1"
1551,2025,8,26,7,45,"30","count sample","SIM1"
1552,2025,8,26,8,0,"192.43333333333334","px moyen","SIM1"
1553,2025,8,26,8,0,"191","px min","SIM1"
1554,2025,8,26,8,0,"194","px max","SIM1"
1555,2025,8,26,8,0,"30","count sample","SIM1"
1556,2025,8,26,8,15,"190.4","px moyen","SIM1"
1557,2025,8,26,8,15,"190","px min","SIM1"
1558,2025,8,26,8,15,"191","px max","SIM1"
1559,2025,8,26,8,15,"30","count sample","SIM1"
1560,2025,8,26,8,30,"191","px moyen","SIM1"
1561,2025,8,26,8,30,"189","px min","SIM1"
1562,2025,8,26,8,30,"192","px max","SIM1"
1563,2025,8,26,8,30,"30","count sample","SIM1"
1564,2025,8,26,8,45,"195.83333333333334","px moyen","SIM1"
1565,2025,8,26,8,45,"195","px min","SIM1"
1566,2025,8,26,8,45,"196","px max","SIM1"
1567,2025,8,26,8,45,"30","count sample","SIM1"
1568,2025,8,26,9,0,"198.13333333333333","px moyen","SIM1"
1569,2025,8,26,9,0,"197","px min","SIM1"
1570,2025,8,26,9,0,"199","px max","SIM1"
1571,2025,8,26,9,0,"30","count sample","SIM1"
1572,2025,8,26,9,15,"192.1","px moyen","SIM1"
1573,2025,8,26,9,15,"191","px min","SIM1"
1574,2025,8,26,9,15,"193","px max","SIM1"
1575,2025,8,26,9,15,"30","count sample","SIM1"
1576,2025,8,26,9,30,"193.33333333333334","px moyen","SIM1"
1577,2025,8,26,9,30,"191","px min","SIM1"
1578,2025,8,26,9,30,"195","px max","SIM1"
1579,2025,8,26,9,30,"30","count sample","SIM1"
1580,2025,8,26,9,45,"192.03333333333333","px moyen","SIM1"
1581,2025,8,26,9,45,"190","px min","SIM1"
1582,2025,8,26,9,45,"194","px max","SIM1"
1583,2025,8,26,9,45,"30","count sample","SIM1"
1584,2025,8,26,10,0,"194.13333333333333","px moyen","SIM1"
1585,2025,8,26,10,0,"191","px min","SIM1"
1586,2025,8,26,10,0,"196","px max","SIM1"
1587,2025,8,26,10,0,"30","count sample","SIM1"
1588,2025,8,26,10,15,"194.66666666666666","px moyen","SIM1"
1589,2025,8,26,10,15,"193","px min","SIM1"
1590,2025,8,26,10,15,"196","px max","SIM1"
1591,2025,8,26,10,15,"30","count sample","SIM1"
1592,2025,8,26,10,30,"200.13333333333333","px moyen","SIM1"
1593,2025,8,26,10,30,"199","px min","SIM1"
1594,2025,8,26,10,30,"201","px max","SIM1"
1595,2025,8,26,10,30,"30","count sample","SIM1"
1596,2025,8,26,10,45,"203.46666666666667","px moyen","SIM1"
1597,2025,8,26,10,45,"202","px min","SIM1"
1598,2025,8,26,10,45,"204","px max","SIM1"
1599,2025,8,26,10,45,"30","count sample","SIM1"
1600,2025,8,26,11,0,"192.46666666666667","px moyen","SIM1"
1601,2025,8,26,11,0,"191","px min","SIM1"
1602,2025,8,26,11,0,"194","px max","SIM1"
1603,2025,8,26,11,0,"30","count sample","SIM1"
1604,2025,8,26,11,15,"199.06666666666666","px moyen","SIM1"
1605,2025,8,26,11,15,"195","px min","SIM1"
1606,2025,8,26,11,15,"203","px max","SIM1"
1607,2025,8,26,11,15,"30","count sample","SIM1"
1608,2025,8,26,11,30,"199.43333333333334","px moyen","SIM1"
1609,2025,8,26,11,30,"197","px min","SIM1"
1610,2025,8,26,11,30,"202","px max","SIM1"
1611,2025,8,26,11,30,"30","count sample","SIM1"
1612,2025,8,26,11,45,"190.4","px moyen","SIM1"
1613,2025,8,26,11,45,"190","px min","SIM1"
1614,2025,8,26,11,45,"191","px max","SIM1"
1615,2025,8,26,11,45,"30","count sample","SIM1"
1616,2025,8,26,12,0,"192.9","px moyen","SIM1"
1617,2025,8,26,12,0,"192","px min","SIM1"
1618,2025,8,26,12,0,"195","px max","SIM1"
1619,2025,8,26,12,0,"30","count sample","SIM1"
1620,2025,8,26,12,15,"188.2","px moyen","SIM1"
1621,2025,8,26,12,15,"188","px min","SIM1"
1622,2025,8,26,12,15,"189","px max","SIM1"
1623,2025,8,26,12,15,"30","count sample","SIM1"
1624,2025,8,26,12,30,"194.76666666666668","px moyen","SIM1"
1625,2025,8,26,12,30,"194","px min","SIM1"
1626,2025,8,26,12,30,"195","px max","SIM1"
1627,2025,8,26,12,30,"30","count sample","SIM1"
1628,2025,8,26,12,45,"195.63333333333333","px moyen","SIM1"
1629,2025,8,26,12,45,"193","px min","SIM1"
1630,2025,8,26,12,45,"198","px max","SIM1"
1631,2025,8,26,12,45,"30","count sample","SIM1"
1632,2025,8,26,13,0,"189.63333333333333","px moyen","SIM1"
1633,2025,8,26,13,0,"189","px min","SIM1"
1634,2025,8,26,13,0,"192","px max","SIM1"
1635,2025,8,26,13,0,"30","count sample","SIM1"
1636,2025,8,26,13,15,"192.2","px moyen","SIM1"
1637,2025,8,26,13,15,"190","px min","SIM1"
1638,2025,8,26,13,15,"194","px max","SIM1"
1639,2025,8,26,13,15,"30","count sample","SIM1"
1640,2025,8,26,13,30,"193.66666666666666","px moyen","SIM1"
1641,2025,8,26,13,30,"193","px min","SIM1"
1642,2025,8,26,13,30,"195","px max","SIM1"
1643,2025,8,26,13,30,"30","count sample","SIM1"
1644,2025,8,26,13,45,"195.1","px moyen","SIM1"
1645,2025,8,26,13,45,"193","px min","SIM1"
1646,2025,8,26,13,45,"197","px max","SIM1"
1647,2025,8,26,13,45,"30","count sample","SIM1"
1648,2025,8,26,14,0,"198.1","px moyen","SIM1"
1649,2025,8,26,14,0,"196","px min","SIM1"
1650,2025,8,26,14,0,"200","px max","SIM1"
1651,2025,8,26,14,0,"30","count sample","SIM1"
1652,2025,8,26,14,15,"192.1","px moyen","SIM1"
1653,2025,8,26,14,15,"191","px min","SIM1"
1654,2025,8,26,14,15,"193","px max","SIM1"
1655,2025,8,26,14,15,"30","count sample","SIM1"
1656,2025,8,26,14,30,"202.63333333333333","px moyen","SIM1"
1657,2025,8,26,14,30,"201","px min","SIM1"
1658,2025,8,26,14,30,"203","px max","SIM1"
1659,2025,8,26,14,30,"30","count sample","SIM1"
1660,2025,8,26,14,45,"201.03333333333333","px moyen","SIM1"
1661,2025,8,26,14,45,"199","px min","SIM1"
1662,2025,8,26,14,45,"203","px max","SIM1"
1663,2025,8,26,14,45,"30","count sample","SIM1"
1664,2025,8,26,15,0,"191.86666666666667","px moyen","SIM1"
1665,2025,8,26,15,0,"191","px min","SIM1"
1666,2025,8,26,15,0,"193","px max","SIM1"
1667,2025,8,26,15,0,"30","count sample","SIM1"
1668,2025,8,26,15,15,"196.73333333333332","px moyen","SIM1"
1669,2025,8,26,15,15,"195","px min","SIM1"
1670,2025,8,26,15,15,"200","px max","SIM1"
1671,2025,8,26,15,15,"30","count sample","SIM1"
1672,2025,8,26,15,30,"189.63333333333333","px moyen","SIM1"
1673,2025,8,26,15,30,"189","px min","SIM1"
1674,2025,8,26,15,30,"191","px max","SIM1"
1675,2025,8,26,15,30,"30","count sample","SIM1"
1676,2025,8,26,15,45,"192.76666666666668","px moyen","SIM1"
1677,2025,8,26,15,45,"192","px min","SIM1"
1678,2025,8,26,15,45,"194","px max","SIM1"
1679,2025,8,26,15,45,"30","count sample","SIM1"
1680,2025,8,26,16,0,"186.96666666666667","px moyen","SIM1"
1681,2025,8,26,16,0,"186","px min","SIM1"
1682,2025,8,26,16,0,"188","px max","SIM1"
1683,2025,8,26,16,0,"30","count sample","SIM1"
1684,2025,8,26,16,15,"193.7","px moyen","SIM1"
1685,2025,8,26,16,15,"191","px min","SIM1"
1686,2025,8,26,16,15,"195","px max","SIM1"
1687,2025,8,26,16,15,"30","count sample","SIM1"
1688,2025,8,26,16,30,"187.43333333333334","px moyen","SIM1"
1689,2025,8,26,16,30,"179","px min","SIM1"
1690,2025,8,26,16,30,"190","px max","SIM1"
1691,2025,8,26,16,30,"30","count sample","SIM1"
1692,2025,8,26,16,45,"193.06666666666666","px moyen","SIM1"
1693,2025,8,26,16,45,"192","px min","SIM1"
1694,2025,8,26,16,45,"195","px max","SIM1"
1695,2025,8,26,16,45,"30","count sample","SIM1"
1696,2025,8,26,17,0,"190.53333333333333","px moyen","SIM1"
1697,2025,8,26,17,0,"190","px min","SIM1"
1698,2025,8,26,17,0,"192","px max","SIM1"
1699,2025,8,26,17,0,"30","count sample","SIM1"
1700,2025,8,26,17,15,"187.7","px moyen","SIM1"
1701,2025,8,26,17,15,"186","px min","SIM1"
1702,2025,8,26,17,15,"189","px max","SIM1"
1703,2025,8,26,17,15,"30","count sample","SIM1"
1704,2025,8,26,17,30,"193.1","px moyen","SIM1"
1705,2025,8,26,17,30,"190","px min","SIM1"
1706,2025,8,26,17,30,"196","px max","SIM1"
1707,2025,8,26,17,30,"30","count sample","SIM1"
1708,2025,8,26,17,45,"188.4","px moyen","SIM1"
1709,2025,8,26,17,45,"187","px min","SIM1"
1710,2025,8,26,17,45,"190","px max","SIM1"
1711,2025,8,26,17,45,"30","count sample","SIM1"
1712,2025,8,26,18,0,"188.26666666666668","px moyen","SIM1"
1713,2025,8,26,18,0,"188","px min","SIM1"
1714,2025,8,26,18,0,"189","px max","SIM1"
1715,2025,8,26,18,0,"30","count sample","SIM1"
1716,2025,8,26,18,15,"179.06666666666666","px moyen","SIM1"
1717,2025,8,26,18,15,"179","px min","SIM1"
1718,2025,8,26,18,15,"180","px max","SIM1"
1719,2025,8,26,18,15,"30","count sample","SIM1"
1720,2025,8,26,18,30,"177.26666666666668","px moyen","SIM1"
1721,2025,8,26,18,30,"177","px min","SIM1"
1722,2025,8,26,18,30,"178","px max","SIM1"
1723,2025,8,26,18,30,"30","count sample","SIM1"
1724,2025,8,26,18,45,"197.56666666666666","px moyen","SIM1"
1725,2025,8,26,18,45,"195","px min","SIM1"
1726,2025,8,26,18,45,"200","px max","SIM1"
1727,2025,8,26,18,45,"30","count sample","SIM1"
1728,2025,8,26,19,0,"196.96666666666667","px moyen","SIM1"
1729,2025,8,26,19,0,"195","px min","SIM1"
1730,2025,8,26,19,0,"200","px max","SIM1"
1731,2025,8,26,19,0,"30","count sample","SIM1"
1732,2025,8,26,19,15,"195.73333333333332","px moyen","SIM1"
1733,2025,8,26,19,15,"194","px min","SIM1"
1734,2025,8,26,19,15,"197","px max","SIM1"
1735,2025,8,26,19,15,"30","count sample","SIM1"
1736,2025,8,26,19,30,"195.36666666666667","px moyen","SIM1"
1737,2025,8,26,19,30,"193","px min","SIM1"
1738,2025,8,26,19,30,"197","px max","SIM1"
1739,2025,8,26,19,30,"30","count sample","SIM1"
1740,2025,8,26,19,45,"197.66666666666666","px moyen","SIM1"
1741,2025,8,26,19,45,"196","px min","SIM1"
1742,2025,8,26,19,45,"200","px max","SIM1"
1743,2025,8,26,19,45,"30","count sample","SIM1"
1744,2025,8,26,20,0,"211.83333333333334","px moyen","SIM1"
1745,2025,8,26,20,0,"211","px min","SIM1"
1746,2025,8,26,20,0,"213","px max","SIM1"
1747,2025,8,26,20,0,"30","count sample","SIM1"
1748,2025,8,26,20,15,"167.5","px moyen","SIM1"
1749,2025,8,26,20,15,"164","px min","SIM1"
1750,2025,8,26,20,15,"170","px max","SIM1"
1751,2025,8,26,20,15,"30","count sample","SIM1"
1752,2025,8,26,20,30,"183.63333333333333","px moyen","SIM1"
1753,2025,8,26,20,30,"175","px min","SIM1"
1754,2025,8,26,20,30,"188","px max","SIM1"
1755,2025,8,26,20,30,"30","count sample","SIM1"
1756,2025,8,26,20,45,"202.16666666666666","px moyen","SIM1"
1757,2025,8,26,20,45,"188","px min","SIM1"
1758,2025,8,26,20,45,"212","px max","SIM1"
1759,2025,8,26,20,45,"30","count sample","SIM1"
1760,2025,8,26,21,0,"191.63333333333333","px moyen","SIM1"
1761,2025,8,26,21,0,"180","px min","SIM1"
1762,2025,8,26,21,0,"199","px max","SIM1"
1763,2025,8,26,21,0,"30","count sample","SIM1"
1764,2025,8,26,21,15,"178.73333333333332","px moyen","SIM1"
1765,2025,8,26,21,15,"169","px min","SIM1"
1766,2025,8,26,21,15,"192","px max","SIM1"
1767,2025,8,26,21,15,"30","count sample","SIM1"
1768,2025,8,26,21,30,"155.2","px moyen","SIM1"
1769,2025,8,26,21,30,"123","px min","SIM1"
1770,2025,8,26,21,30,"177","px max","SIM1"
1771,2025,8,26,21,30,"30","count sample","SIM1"
1772,2025,8,26,21,45,"183.96666666666667","px moyen","SIM1"
1773,2025,8,26,21,45,"176","px min","SIM1"
1774,2025,8,26,21,45,"188","px max","SIM1"
1775,2025,8,26,21,45,"30","count sample","SIM1"
1776,2025,8,26,22,0,"185.6","px moyen","SIM1"
1777,2025,8,26,22,0,"183","px min","SIM1"
1778,2025,8,26,22,0,"191","px max","SIM1"
1779,2025,8,26,22,0,"30","count sample","SIM1"
1780,2025,8,26,22,15,"189.76666666666668","px moyen","SIM1"
1781,2025,8,26,22,15,"185","px min","SIM1"
1782,2025,8,26,22,15,"192","px max","SIM1"
1783,2025,8,26,22,15,"30","count sample","SIM1"
1784,2025,8,26,22,30,"195","px moyen","SIM1"
1785,2025,8,26,22,30,"191","px min","SIM1"
1786,2025,8,26,22,30,"198","px max","SIM1"
1787,2025,8,26,22,30,"30","count sample","SIM1"
1788,2025,8,26,22,45,"186.36666666666667","px moyen","SIM1"
1789,2025,8,26,22,45,"177","px min","SIM1"
1790,2025,8,26,22,45,"194","px max","SIM1"
1791,2025,8,26,22,45,"30","count sample","SIM1"
1792,2025,8,26,23,0,"189.4","px moyen","SIM1"
1793,2025,8,26,23,0,"185","px min","SIM1"
1794,2025,8,26,23,0,"195","px max","SIM1"
1795,2025,8,26,23,0,"30","count sample","SIM1"
1796,2025,8,26,23,15,"192.1","px moyen","SIM1"
1797,2025,8,26,23,15,"186","px min","SIM1"
1798,2025,8,26,23,15,"198","px max","SIM1"
1799,2025,8,26,23,15,"30","count sample","SIM1"
1800,2025,8,26,23,30,"196.13333333333333","px moyen","SIM1"
1801,2025,8,26,23,30,"192","px min","SIM1"
1802,2025,8,26,23,30,"200","px max","SIM1"
1803,2025,8,26,23,30,"30","count sample","SIM1"
1804,2025,8,26,23,45,"197.86666666666667","px moyen","SIM1"
1805,2025,8,26,23,45,"195","px min","SIM1"
1806,2025,8,26,23,45,"200","px max","SIM1"
1807,2025,8,26,23,45,"30","count sample","SIM1"
1808,2025,8,27,0,0,"179.76666666666668","px moyen","SIM1"
1809,2025,8,27,0,0,"173","px min","SIM1"
1810,2025,8,27,0,0,"184","px max","SIM1"
1811,2025,8,27,0,0,"30","count sample","SIM1"
1812,2025,8,27,0,15,"197.8","px moyen","SIM1"
1813,2025,8,27,0,15,"192","px min","SIM1"
1814,2025,8,27,0,15,"205","px max","SIM1"
1815,2025,8,27,0,15,"30","count sample","SIM1"
1816,2025,8,27,0,30,"217.23333333333332","px moyen","SIM1"
1817,2025,8,27,0,30,"210","px min","SIM1"
1818,2025,8,27,0,30,"223","px max","SIM1"
1819,2025,8,27,0,30,"30","count sample","SIM1"
1820,2025,8,27,0,45,"214.66666666666666","px moyen","SIM1"
1821,2025,8,27,0,45,"212","px min","SIM1"
1822,2025,8,27,0,45,"216","px max","SIM1"
1823,2025,8,27,0,45,"30","count sample","SIM1"
1824,2025,8,27,1,0,"204","px moyen","SIM1"
1825,2025,8,27,1,0,"198","px min","SIM1"
1826,2025,8,27,1,0,"218","px max","SIM1"
1827,2025,8,27,1,0,"30","count sample","SIM1"
1828,2025,8,27,1,15,"201.23333333333332","px moyen","SIM1"
1829,2025,8,27,1,15,"195","px min","SIM1"
1830,2025,8,27,1,15,"207","px max","SIM1"
1831,2025,8,27,1,15,"30","count sample","SIM1"
1832,2025,8,27,1,30,"202.73333333333332","px moyen","SIM1"
1833,2025,8,27,1,30,"199","px min","SIM1"
1834,2025,8,27,1,30,"214","px max","SIM1"
1835,2025,8,27,1,30,"30","count sample","SIM1"
1836,2025,8,27,1,45,"194.7","px moyen","SIM1"
1837,2025,8,27,1,45,"192","px min","SIM1"
1838,2025,8,27,1,45,"198","px max","SIM1"
1839,2025,8,27,1,45,"30","count sample","SIM1"
1840,2025,8,27,2,0,"198.8","px moyen","SIM1"
1841,2025,8,27,2,0,"195","px min","SIM1"
1842,2025,8,27,2,0,"201","px max","SIM1"
1843,2025,8,27,2,0,"30","count sample","SIM1"
1844,2025,8,27,2,15,"197.6","px moyen","SIM1"
1845,2025,8,27,2,15,"195","px min","SIM1"
1846,2025,8,27,2,15,"205","px max","SIM1"
1847,2025,8,27,2,15,"30","count sample","SIM1"
1848,2025,8,27,2,30,"207.76666666666668","px moyen","SIM1"
1849,2025,8,27,2,30,"199","px min","SIM1"
1850,2025,8,27,2,30,"220","px max","SIM1"
1851,2025,8,27,2,30,"30","count sample","SIM1"
1852,2025,8,27,2,45,"217.6","px moyen","SIM1"
1853,2025,8,27,2,45,"203","px min","SIM1"
1854,2025,8,27,2,45,"230","px max","SIM1"
1855,2025,8,27,2,45,"30","count sample","SIM1"
1856,2025,8,27,3,0,"192","px moyen","SIM1"
1857,2025,8,27,3,0,"188","px min","SIM1"
1858,2025,8,27,3,0,"195","px max","SIM1"
1859,2025,8,27,3,0,"30","count sample","SIM1"
1860,2025,8,27,3,15,"194.13333333333333","px moyen","SIM1"
1861,2025,8,27,3,15,"182","px min","SIM1"
1862,2025,8,27,3,15,"201","px max","SIM1"
1863,2025,8,27,3,15,"30","count sample","SIM1"
1864,2025,8,27,3,30,"184.86666666666667","px moyen","SIM1"
1865,2025,8,27,3,30,"180","px min","SIM1"
1866,2025,8,27,3,30,"190","px max","SIM1"
1867,2025,8,27,3,30,"30","count sample","SIM1"
1868,2025,8,27,3,45,"218.63333333333333","px moyen","SIM1"
1869,2025,8,27,3,45,"204","px min","SIM1"
1870,2025,8,27,3,45,"227","px max","SIM1"
1871,2025,8,27,3,45,"30","count sample","SIM1"
1872,2025,8,27,4,0,"203.73333333333332","px moyen","SIM1"
1873,2025,8,27,4,0,"199","px min","SIM1"
1874,2025,8,27,4,0,"208","px max","SIM1"
1875,2025,8,27,4,0,"30","count sample","SIM1"
1876,2025,8,27,4,15,"211.66666666666666","px moyen","SIM1"
1877,2025,8,27,4,15,"201","px min","SIM1"
1878,2025,8,27,4,15,"218","px max","SIM1"
1879,2025,8,27,4,15,"30","count sample","SIM1"
1880,2025,8,27,4,30,"181.9","px moyen","SIM1"
1881,2025,8,27,4,30,"177","px min","SIM1"
1882,2025,8,27,4,30,"186","px max","SIM1"
1883,2025,8,27,4,30,"30","count sample","SIM1"
1884,2025,8,27,4,45,"122.23333333333333","px moyen","SIM1"
1885,2025,8,27,4,45,"104","px min","SIM1"
1886,2025,8,27,4,45,"136","px max","SIM1"
1887,2025,8,27,4,45,"30","count sample","SIM1"
1888,2025,8,27,5,0,"204.43333333333334","px moyen","SIM1"
1889,2025,8,27,5,0,"203","px min","SIM1"
1890,2025,8,27,5,0,"206","px max","SIM1"
1891,2025,8,27,5,0,"30","count sample","SIM1"
1892,2025,8,27,5,15,"202.8","px moyen","SIM1"
1893,2025,8,27,5,15,"201","px min","SIM1"
1894,2025,8,27,5,15,"204","px max","SIM1"
1895,2025,8,27,5,15,"30","count sample","SIM1"
1896,2025,8,27,5,30,"203.93333333333334","px moyen","SIM1"
1897,2025,8,27,5,30,"203","px min","SIM1"
1898,2025,8,27,5,30,"207","px max","SIM1"
1899,2025,8,27,5,30,"30","count sample","SIM1"
1900,2025,8,27,5,45,"198.43333333333334","px moyen","SIM1"
1901,2025,8,27,5,45,"197","px min","SIM1"
1902,2025,8,27,5,45,"200","px max","SIM1"
1903,2025,8,27,5,45,"30","count sample","SIM1"
1904,2025,8,27,6,0,"198.86666666666667","px moyen","SIM1"
1905,2025,8,27,6,0,"197","px min","SIM1"
1906,2025,8,27,6,0,"200","px max","SIM1"
1907,2025,8,27,6,0,"30","count sample","SIM1"
1908,2025,8,27,6,15,"197.23333333333332","px moyen","SIM1"
1909,2025,8,27,6,15,"195","px min","SIM1"
1910,2025,8,27,6,15,"199","px max","SIM1"
1911,2025,8,27,6,15,"30","count sample","SIM1"
1912,2025,8,27,6,30,"204.7","px moyen","SIM1"
1913,2025,8,27,6,30,"204","px min","SIM1"
1914,2025,8,27,6,30,"207","px max","SIM1"
1915,2025,8,27,6,30,"30","count sample","SIM1"
1916,2025,8,27,6,45,"180.03333333333333","px moyen","SIM1"
1917,2025,8,27,6,45,"177","px min","SIM1"
1918,2025,8,27,6,45,"183","px max","SIM1"
1919,2025,8,27,6,45,"30","count sample","SIM1"
1920,2025,8,27,7,0,"197.9","px moyen","SIM1"
1921,2025,8,27,7,0,"195","px min","SIM1"
1922,2025,8,27,7,0,"200","px max","SIM1"
1923,2025,8,27,7,0,"30","count sample","SIM1"
1924,2025,8,27,7,15,"197.9","px moyen","SIM1"
1925,2025,8,27,7,15,"197","px min","SIM1"
1926,2025,8,27,7,15,"199","px max","SIM1"
1927,2025,8,27,7,15,"30","count sample","SIM1"
1928,2025,8,27,7,30,"198.3","px moyen","SIM1"
1929,2025,8,27,7,30,"195","px min","SIM1"
1930,2025,8,27,7,30,"201","px max","SIM1"
1931,2025,8,27,7,30,"30","count sample","SIM1"
1932,2025,8,27,7,45,"200.3","px moyen","SIM1"
1933,2025,8,27,7,45,"197","px min","SIM1"
1934,2025,8,27,7,45,"203","px max","SIM1"
1935,2025,8,27,7,45,"30","count sample","SIM1"
1936,2025,8,27,8,0,"200.7","px moyen","SIM1"
1937,2025,8,27,8,0,"198","px min","SIM1"
1938,2025,8,27,8,0,"205","px max","SIM1"
1939,2025,8,27,8,0,"30","count sample","SIM1"
1940,2025,8,27,8,15,"203.23333333333332","px moyen","SIM1"
1941,2025,8,27,8,15,"202","px min","SIM1"
1942,2025,8,27,8,15,"205","px max","SIM1"
1943,2025,8,27,8,15,"30","count sample","SIM1"
1944,2025,8,27,8,30,"196.8","px moyen","SIM1"
1945,2025,8,27,8,30,"196","px min","SIM1"
1946,2025,8,27,8,30,"198","px max","SIM1"
1947,2025,8,27,8,30,"30","count sample","SIM1"
1948,2025,8,27,8,45,"205","px moyen","SIM1"
1949,2025,8,27,8,45,"203","px min","SIM1"
1950,2025,8,27,8,45,"207","px max","SIM1"
1951,2025,8,27,8,45,"30","count sample","SIM1"
1952,2025,8,27,9,0,"205.26666666666668","px moyen","SIM1"
1953,2025,8,27,9,0,"204","px min","SIM1"
1954,2025,8,27,9,0,"206","px max","SIM1"
1955,2025,8,27,9,0,"30","count sample","SIM1"
1956,2025,8,27,9,15,"192.46666666666667","px moyen","SIM1"
1957,2025,8,27,9,15,"191","px min","SIM1"
1958,2025,8,27,9,15,"194","px max","SIM1"
1959,2025,8,27,9,15,"30","count sample","SIM1"
1960,2025,8,27,9,30,"199.13333333333333","px moyen","SIM1"
1961,2025,8,27,9,30,"198","px min","SIM1"
1962,2025,8,27,9,30,"200","px max","SIM1"
1963,2025,8,27,9,30,"30","count sample","SIM1"
1964,2025,8,27,9,45,"187.56666666666666","px moyen","SIM1"
1965,2025,8,27,9,45,"184","px min","SIM1"
1966,2025,8,27,9,45,"190","px max","SIM1"
1967,2025,8,27,9,45,"30","count sample","SIM1"
1968,2025,8,27,10,0,"194.33333333333334","px moyen","SIM1"
1969,2025,8,27,10,0,"193","px min","SIM1"
1970,2025,8,27,10,0,"196","px max","SIM1"
1971,2025,8,27,10,0,"30","count sample","SIM1"
1972,2025,8,27,10,15,"191.36666666666667","px moyen","SIM1"
1973,2025,8,27,10,15,"190","px min","SIM1"
1974,2025,8,27,10,15,"192","px max","SIM1"
1975,2025,8,27,10,15,"30","count sample","SIM1"
1976,2025,8,27,10,30,"193.93333333333334","px moyen","SIM1"
1977,2025,8,27,10,30,"192","px min","SIM1"
1978,2025,8,27,10,30,"196","px max","SIM1"
1979,2025,8,27,10,30,"30","count sample","SIM1"
1980,2025,8,27,10,45,"195.6","px moyen","SIM1"
1981,2025,8,27,10,45,"194","px min","SIM1"
1982,2025,8,27,10,45,"200","px max","SIM1"
1983,2025,8,27,10,45,"30","count sample","SIM1"
1984,2025,8,27,11,0,"195.13333333333333","px moyen","SIM1"
1985,2025,8,27,11,0,"194","px min","SIM1"
1986,2025,8,27,11,0,"197","px max","SIM1"
1987,2025,8,27,11,0,"30","count sample","SIM1"
1988,2025,8,27,11,15,"192.36666666666667","px moyen","SIM1"
1989,2025,8,27,11,15,"191","px min","SIM1"
1990,2025,8,27,11,15,"195","px max","SIM1"
1991,2025,8,27,11,15,"30","count sample","SIM1"
1992,2025,8,27,11,30,"193.4","px moyen","SIM1"
1993,2025,8,27,11,30,"191","px min","SIM1"
1994,2025,8,27,11,30,"197","px max","SIM1"
1995,2025,8,27,11,30,"30","count sample","SIM1"
1996,2025,8,27,11,45,"195.43333333333334","px moyen","SIM1"
1997,2025,8,27,11,45,"194","px min","SIM1"
1998,2025,8,27,11,45,"197","px max","SIM1"
1999,2025,8,27,11,45,"30","count sample","SIM1"
2000,2025,8,27,12,0,"195.5","px moyen","SIM1"
2001,2025,8,27,12,0,"193","px min","SIM1"
2002,2025,8,27,12,0,"197","px max","SIM1"
2003,2025,8,27,12,0,"30","count sample","SIM1"
2004,2025,8,27,12,15,"191.16666666666666","px moyen","SIM1"
2005,2025,8,27,12,15,"191","px min","SIM1"
2006,2025,8,27,12,15,"192","px max","SIM1"
2007,2025,8,27,12,15,"30","count sample","SIM1"
2008,2025,8,27,12,30,"170.3","px moyen","SIM1"
2009,2025,8,27,12,30,"166","px min","SIM1"
2010,2025,8,27,12,30,"174","px max","SIM1"
2011,2025,8,27,12,30,"30","count sample","SIM1"
2012,2025,8,27,12,45,"186.36666666666667","px moyen","SIM1"
2013,2025,8,27,12,45,"168","px min","SIM1"
2014,2025,8,27,12,45,"189","px max","SIM1"
2015,2025,8,27,12,45,"30","count sample","SIM1"
2016,2025,8,27,13,0,"191.13333333333333","px moyen","SIM1"
2017,2025,8,27,13,0,"190","px min","SIM1"
2018,2025,8,27,13,0,"192","px max","SIM1"
2019,2025,8,27,13,0,"30","count sample","SIM1"
2020,2025,8,27,13,15,"196.2","px moyen","SIM1"
2021,2025,8,27,13,15,"195","px min","SIM1"
2022,2025,8,27,13,15,"199","px max","SIM1"
2023,2025,8,27,13,15,"30","count sample","SIM1"
2024,2025,8,27,13,30,"195.46666666666667","px moyen","SIM1"
2025,2025,8,27,13,30,"194","px min","SIM1"
2026,2025,8,27,13,30,"198","px max","SIM1"
2027,2025,8,27,13,30,"30","count sample","SIM1"
2028,2025,8,27,13,45,"191.9","px moyen","SIM1"
2029,2025,8,27,13,45,"191","px min","SIM1"
2030,2025,8,27,13,45,"193","px max","SIM1"
2031,2025,8,27,13,45,"30","count sample","SIM1"
2032,2025,8,27,14,0,"192.23333333333332","px moyen","SIM1"
2033,2025,8,27,14,0,"192","px min","SIM1"
2034,2025,8,27,14,0,"193","px max","SIM1"
2035,2025,8,27,14,0,"30","count sample","SIM1"
2036,2025,8,27,14,15,"194.5","px moyen","SIM1"
2037,2025,8,27,14,15,"193","px min","SIM1"
2038,2025,8,27,14,15,"195","px max","SIM1"
2039,2025,8,27,14,15,"30","count sample","SIM1"
2040,2025,8,27,14,30,"199.26666666666668","px moyen","SIM1"
2041,2025,8,27,14,30,"197","px min","SIM1"
2042,2025,8,27,14,30,"201","px max","SIM1"
2043,2025,8,27,14,30,"30","count sample","SIM1"
2044,2025,8,27,14,45,"193.2","px moyen","SIM1"
2045,2025,8,27,14,45,"192","px min","SIM1"
2046,2025,8,27,14,45,"194","px max","SIM1"
2047,2025,8,27,14,45,"30","count sample","SIM1"
2048,2025,8,27,15,0,"196.93333333333334","px moyen","SIM1"
2049,2025,8,27,15,0,"193","px min","SIM1"
2050,2025,8,27,15,0,"199","px max","SIM1"
2051,2025,8,27,15,0,"30","count sample","SIM1"
2052,2025,8,27,15,15,"193.86666666666667","px moyen","SIM1"
2053,2025,8,27,15,15,"193","px min","SIM1"
2054,2025,8,27,15,15,"195","px max","SIM1"
2055,2025,8,27,15,15,"30","count sample","SIM1"
2056,2025,8,27,15,30,"192.33333333333334","px moyen","SIM1"
2057,2025,8,27,15,30,"191","px min","SIM1"
2058,2025,8,27,15,30,"193","px max","SIM1"
2059,2025,8,27,15,30,"30","count sample","SIM1"
2060,2025,8,27,15,45,"193.43333333333334","px moyen","SIM1"
2061,2025,8,27,15,45,"192","px min","SIM1"
2062,2025,8,27,15,45,"194","px max","SIM1"
2063,2025,8,27,15,45,"30","count sample","SIM1"
2064,2025,8,27,16,0,"199.9","px moyen","SIM1"
2065,2025,8,27,16,0,"199","px min","SIM1"
2066,2025,8,27,16,0,"201","px max","SIM1"
2067,2025,8,27,16,0,"30","count sample","SIM1"
2068,2025,8,27,16,15,"196.4","px moyen","SIM1"
2069,2025,8,27,16,15,"195","px min","SIM1"
2070,2025,8,27,16,15,"197","px max","SIM1"
2071,2025,8,27,16,15,"30","count sample","SIM1"
2072,2025,8,27,16,30,"190.16666666666666","px moyen","SIM1"
2073,2025,8,27,16,30,"189","px min","SIM1"
2074,2025,8,27,16,30,"191","px max","SIM1"
2075,2025,8,27,16,30,"30","count sample","SIM1"
2076,2025,8,27,16,45,"187.16666666666666","px moyen","SIM1"
2077,2025,8,27,16,45,"187","px min","SIM1"
2078,2025,8,27,16,45,"188","px max","SIM1"
2079,2025,8,27,16,45,"30","count sample","SIM1"
2080,2025,8,27,17,0,"193.56666666666666","px moyen","SIM1"
2081,2025,8,27,17,0,"191","px min","SIM1"
2082,2025,8,27,17,0,"196","px max","SIM1"
2083,2025,8,27,17,0,"30","count sample","SIM1"
2084,2025,8,27,17,15,"195.3","px moyen","SIM1"
2085,2025,8,27,17,15,"194","px min","SIM1"
2086,2025,8,27,17,15,"197","px max","SIM1"
2087,2025,8,27,17,15,"30","count sample","SIM1"
2088,2025,8,27,17,30,"194.5","px moyen","SIM1"
2089,2025,8,27,17,30,"193","px min","SIM1"
2090,2025,8,27,17,30,"196","px max","SIM1"
2091,2025,8,27,17,30,"30","count sample","SIM1"
2092,2025,8,27,17,45,"187","px moyen","SIM1"
2093,2025,8,27,17,45,"186","px min","SIM1"
2094,2025,8,27,17,45,"188","px max","SIM1"
2095,2025,8,27,17,45,"30","count sample","SIM1"
2096,2025,8,27,18,0,"190.43333333333334","px moyen","SIM1"
2097,2025,8,27,18,0,"190","px min","SIM1"
2098,2025,8,27,18,0,"191","px max","SIM1"
2099,2025,8,27,18,0,"30","count sample","SIM1"
2100,2025,8,27,18,15,"201.26666666666668","px moyen","SIM1"
2101,2025,8,27,18,15,"198","px min","SIM1"
2102,2025,8,27,18,15,"204","px max","SIM1"
2103,2025,8,27,18,15,"30","count sample","SIM1"
2104,2025,8,27,18,30,"197.96666666666667","px moyen","SIM1"
2105,2025,8,27,18,30,"195","px min","SIM1"
2106,2025,8,27,18,30,"203","px max","SIM1"
2107,2025,8,27,18,30,"30","count sample","SIM1"
2108,2025,8,27,18,45,"199.8","px moyen","SIM1"
2109,2025,8,27,18,45,"197","px min","SIM1"
2110,2025,8,27,18,45,"201","px max","SIM1"
2111,2025,8,27,18,45,"30","count sample","SIM1"
2112,2025,8,27,19,15,"144.13333333333333","px moyen","SIM1"
2113,2025,8,27,19,15,"144","px min","SIM1"
2114,2025,8,27,19,15,"145","px max","SIM1"
2115,2025,8,27,19,15,"30","count sample","SIM1"
2116,2025,8,27,19,30,"145.26666666666668","px moyen","SIM1"
2117,2025,8,27,19,30,"145","px min","SIM1"
2118,2025,8,27,19,30,"146","px max","SIM1"
2119,2025,8,27,19,30,"30","count sample","SIM1"
2120,2025,8,27,19,45,"132.93333333333334","px moyen","SIM1"
2121,2025,8,27,19,45,"120","px min","SIM1"
2122,2025,8,27,19,45,"143","px max","SIM1"
2123,2025,8,27,19,45,"30","count sample","SIM1"
