mesure_id,annee,mois,jour,heure,minute,valeur,unite,camera_id
1,2025,9,28,13,15,0.5,px moyen,SIM1
2,2025,9,28,13,15,0.0,px min,SIM1
3,2025,9,28,13,15,3.0,px max,SIM1
4,2025,9,28,13,15,30.0,count sample,SIM1
5,2025,9,28,13,30,39.833333333333336,px moyen,SIM1
6,2025,9,28,13,30,38.0,px min,SIM1
7,2025,9,28,13,30,41.0,px max,SIM1
8,2025,9,28,13,30,30.0,count sample,SIM1
9,2025,9,28,13,45,0.0,px moyen,SIM1
10,2025,9,28,13,45,0.0,px min,SIM1
11,2025,9,28,13,45,0.0,px max,SIM1
12,2025,9,28,13,45,30.0,count sample,SIM1
13,2025,9,28,14,0,0.0,px moyen,SIM1
14,2025,9,28,14,0,0.0,px min,SIM1
15,2025,9,28,14,0,0.0,px max,SIM1
16,2025,9,28,14,0,30.0,count sample,SIM1
17,2025,9,28,14,15,0.0,px moyen,SIM1
18,2025,9,28,14,15,0.0,px min,SIM1
19,2025,9,28,14,15,0.0,px max,SIM1
20,2025,9,28,14,15,30.0,count sample,SIM1
21,2025,9,28,14,30,0.0,px moyen,SIM1
22,2025,9,28,14,30,0.0,px min,SIM1
23,2025,9,28,14,30,0.0,px max,SIM1
24,2025,9,28,14,30,30.0,count sample,SIM1
25,2025,9,28,14,45,0.0,px moyen,SIM1
26,2025,9,28,14,45,0.0,px min,SIM1
27,2025,9,28,14,45,0.0,px max,SIM1
28,2025,9,28,14,45,30.0,count sample,SIM1
29,2025,9,28,15,0,0.3,px moyen,SIM1
30,2025,9,28,15,0,0.0,px min,SIM1
31,2025,9,28,15,0,2.0,px max,SIM1
32,2025,9,28,15,0,30.0,count sample,SIM1
33,2025,9,28,15,15,0.0,px moyen,SIM1
34,2025,9,28,15,15,0.0,px min,SIM1
35,2025,9,28,15,15,0.0,px max,SIM1
36,2025,9,28,15,15,30.0,count sample,SIM1
37,2025,9,28,15,30,0.0,px moyen,SIM1
38,2025,9,28,15,30,0.0,px min,SIM1
39,2025,9,28,15,30,0.0,px max,SIM1
40,2025,9,28,15,30,30.0,count sample,SIM1
41,2025,9,28,15,45,0.0,px moyen,SIM1
42,2025,9,28,15,45,0.0,px min,SIM1
43,2025,9,28,15,45,0.0,px max,SIM1
44,2025,9,28,15,45,30.0,count sample,SIM1
45,2025,9,28,16,0,0.0,px moyen,SIM1
46,2025,9,28,16,0,0.0,px min,SIM1
47,2025,9,28,16,0,0.0,px max,SIM1
48,2025,9,28,16,0,30.0,count sample,SIM1
49,2025,9,28,16,30,0.0,px moyen,SIM1
50,2025,9,28,16,30,0.0,px min,SIM1
51,2025,9,28,16,30,0.0,px max,SIM1
52,2025,9,28,16,30,30.0,count sample,SIM1
53,2025,9,28,16,45,0.0,px moyen,SIM1
54,2025,9,28,16,45,0.0,px min,SIM1
55,2025,9,28,16,45,0.0,px max,SIM1
56,2025,9,28,16,45,30.0,count sample,SIM1
57,2025,9,28,17,0,0.0,px moyen,SIM1
58,2025,9,28,17,0,0.0,px min,SIM1
59,2025,9,28,17,0,0.0,px max,SIM1
60,2025,9,28,17,0,30.0,count sample,SIM1
61,2025,9,28,17,15,0.0,px moyen,SIM1
62,2025,9,28,17,15,0.0,px min,SIM1
63,2025,9,28,17,15,0.0,px max,SIM1
64,2025,9,28,17,15,30.0,count sample,SIM1
65,2025,9,28,17,30,0.0,px moyen,SIM1
66,2025,9,28,17,30,0.0,px min,SIM1
67,2025,9,28,17,30,0.0,px max,SIM1
68,2025,9,28,17,30,30.0,count sample,SIM1
69,2025,9,28,17,45,0.0,px moyen,SIM1
70,2025,9,28,17,45,0.0,px min,SIM1
71,2025,9,28,17,45,0.0,px max,SIM1
72,2025,9,28,17,45,30.0,count sample,SIM1
73,2025,9,28,18,0,0.0,px moyen,SIM1
74,2025,9,28,18,0,0.0,px min,SIM1
75,2025,9,28,18,0,0.0,px max,SIM1
76,2025,9,28,18,0,30.0,count sample,SIM1
77,2025,9,28,18,15,0.0,px moyen,SIM1
78,2025,9,28,18,15,0.0,px min,SIM1
79,2025,9,28,18,15,0.0,px max,SIM1
80,2025,9,28,18,15,30.0,count sample,SIM1
81,2025,9,28,18,30,0.0,px moyen,SIM1
82,2025,9,28,18,30,0.0,px min,SIM1
83,2025,9,28,18,30,0.0,px max,SIM1
84,2025,9,28,18,30,30.0,count sample,SIM1
85,2025,9,28,18,45,0.0,px moyen,SIM1
86,2025,9,28,18,45,0.0,px min,SIM1
87,2025,9,28,18,45,0.0,px max,SIM1
88,2025,9,28,18,45,30.0,count sample,SIM1
89,2025,9,28,19,0,0.0,px moyen,SIM1
90,2025,9,28,19,0,0.0,px min,SIM1
91,2025,9,28,19,0,0.0,px max,SIM1
92,2025,9,28,19,0,30.0,count sample,SIM1
93,2025,9,28,19,15,0.0,px moyen,SIM1
94,2025,9,28,19,15,0.0,px min,SIM1
95,2025,9,28,19,15,0.0,px max,SIM1
96,2025,9,28,19,15,30.0,count sample,SIM1
97,2025,9,28,19,30,0.0,px moyen,SIM1
98,2025,9,28,19,30,0.0,px min,SIM1
99,2025,9,28,19,30,0.0,px max,SIM1
100,2025,9,28,19,30,30.0,count sample,SIM1
101,2025,9,28,19,45,0.0,px moyen,SIM1
102,2025,9,28,19,45,0.0,px min,SIM1
103,2025,9,28,19,45,0.0,px max,SIM1
104,2025,9,28,19,45,30.0,count sample,SIM1
105,2025,9,28,20,0,0.0,px moyen,SIM1
106,2025,9,28,20,0,0.0,px min,SIM1
107,2025,9,28,20,0,0.0,px max,SIM1
108,2025,9,28,20,0,30.0,count sample,SIM1
109,2025,9,28,20,15,0.0,px moyen,SIM1
110,2025,9,28,20,15,0.0,px min,SIM1
111,2025,9,28,20,15,0.0,px max,SIM1
112,2025,9,28,20,15,30.0,count sample,SIM1
113,2025,9,28,20,30,0.0,px moyen,SIM1
114,2025,9,28,20,30,0.0,px min,SIM1
115,2025,9,28,20,30,0.0,px max,SIM1
116,2025,9,28,20,30,30.0,count sample,SIM1
117,2025,9,28,20,45,0.0,px moyen,SIM1
118,2025,9,28,20,45,0.0,px min,SIM1
119,2025,9,28,20,45,0.0,px max,SIM1
120,2025,9,28,20,45,30.0,count sample,SIM1
121,2025,9,28,21,0,0.0,px moyen,SIM1
122,2025,9,28,21,0,0.0,px min,SIM1
123,2025,9,28,21,0,0.0,px max,SIM1
124,2025,9,28,21,0,30.0,count sample,SIM1
125,2025,9,28,21,15,0.0,px moyen,SIM1
126,2025,9,28,21,15,0.0,px min,SIM1
127,2025,9,28,21,15,0.0,px max,SIM1
128,2025,9,28,21,15,30.0,count sample,SIM1
129,2025,9,28,21,30,0.0,px moyen,SIM1
130,2025,9,28,21,30,0.0,px min,SIM1
131,2025,9,28,21,30,0.0,px max,SIM1
132,2025,9,28,21,30,30.0,count sample,SIM1
133,2025,9,28,21,45,0.4,px moyen,SIM1
134,2025,9,28,21,45,0.0,px min,SIM1
135,2025,9,28,21,45,6.0,px max,SIM1
136,2025,9,28,21,45,30.0,count sample,SIM1
137,2025,9,28,22,0,0.0,px moyen,SIM1
138,2025,9,28,22,0,0.0,px min,SIM1
139,2025,9,28,22,0,0.0,px max,SIM1
140,2025,9,28,22,0,30.0,count sample,SIM1
141,2025,9,28,22,15,0.0,px moyen,SIM1
142,2025,9,28,22,15,0.0,px min,SIM1
143,2025,9,28,22,15,0.0,px max,SIM1
144,2025,9,28,22,15,30.0,count sample,SIM1
145,2025,9,28,22,30,0.0,px moyen,SIM1
146,2025,9,28,22,30,0.0,px min,SIM1
147,2025,9,28,22,30,0.0,px max,SIM1
148,2025,9,28,22,30,30.0,count sample,SIM1
149,2025,9,28,22,45,0.0,px moyen,SIM1
150,2025,9,28,22,45,0.0,px min,SIM1
151,2025,9,28,22,45,0.0,px max,SIM1
152,2025,9,28,22,45,30.0,count sample,SIM1
153,2025,9,28,23,0,0.0,px moyen,SIM1
154,2025,9,28,23,0,0.0,px min,SIM1
155,2025,9,28,23,0,0.0,px max,SIM1
156,2025,9,28,23,0,30.0,count sample,SIM1
157,2025,9,28,23,15,0.0,px moyen,SIM1
158,2025,9,28,23,15,0.0,px min,SIM1
159,2025,9,28,23,15,0.0,px max,SIM1
160,2025,9,28,23,15,30.0,count sample,SIM1
161,2025,9,28,23,30,0.0,px moyen,SIM1
162,2025,9,28,23,30,0.0,px min,SIM1
163,2025,9,28,23,30,0.0,px max,SIM1
164,2025,9,28,23,30,30.0,count sample,SIM1
165,2025,9,28,23,45,0.0,px moyen,SIM1
166,2025,9,28,23,45,0.0,px min,SIM1
167,2025,9,28,23,45,0.0,px max,SIM1
168,2025,9,28,23,45,30.0,count sample,SIM1
169,2025,9,29,0,0,0.0,px moyen,SIM1
170,2025,9,29,0,0,0.0,px min,SIM1
171,2025,9,29,0,0,0.0,px max,SIM1
172,2025,9,29,0,0,30.0,count sample,SIM1
173,2025,9,29,0,15,0.0,px moyen,SIM1
174,2025,9,29,0,15,0.0,px min,SIM1
175,2025,9,29,0,15,0.0,px max,SIM1
176,2025,9,29,0,15,30.0,count sample,SIM1
177,2025,9,29,0,30,0.0,px moyen,SIM1
178,2025,9,29,0,30,0.0,px min,SIM1
179,2025,9,29,0,30,0.0,px max,SIM1
180,2025,9,29,0,30,30.0,count sample,SIM1
181,2025,9,29,0,45,0.0,px moyen,SIM1
182,2025,9,29,0,45,0.0,px min,SIM1
183,2025,9,29,0,45,0.0,px max,SIM1
184,2025,9,29,0,45,30.0,count sample,SIM1
185,2025,9,29,1,0,0.0,px moyen,SIM1
186,2025,9,29,1,0,0.0,px min,SIM1
187,2025,9,29,1,0,0.0,px max,SIM1
188,2025,9,29,1,0,30.0,count sample,SIM1
189,2025,9,29,1,15,0.0,px moyen,SIM1
190,2025,9,29,1,15,0.0,px min,SIM1
191,2025,9,29,1,15,0.0,px max,SIM1
192,2025,9,29,1,15,30.0,count sample,SIM1
193,2025,9,29,1,30,0.0,px moyen,SIM1
194,2025,9,29,1,30,0.0,px min,SIM1
195,2025,9,29,1,30,0.0,px max,SIM1
196,2025,9,29,1,30,30.0,count sample,SIM1
197,2025,9,29,1,45,0.0,px moyen,SIM1
198,2025,9,29,1,45,0.0,px min,SIM1
199,2025,9,29,1,45,0.0,px max,SIM1
200,2025,9,29,1,45,30.0,count sample,SIM1
201,2025,9,29,2,0,0.0,px moyen,SIM1
202,2025,9,29,2,0,0.0,px min,SIM1
203,2025,9,29,2,0,0.0,px max,SIM1
204,2025,9,29,2,0,30.0,count sample,SIM1
205,2025,9,29,2,15,0.0,px moyen,SIM1
206,2025,9,29,2,15,0.0,px min,SIM1
207,2025,9,29,2,15,0.0,px max,SIM1
208,2025,9,29,2,15,30.0,count sample,SIM1
209,2025,9,29,2,30,0.0,px moyen,SIM1
210,2025,9,29,2,30,0.0,px min,SIM1
211,2025,9,29,2,30,0.0,px max,SIM1
212,2025,9,29,2,30,30.0,count sample,SIM1
213,2025,9,29,2,45,0.0,px moyen,SIM1
214,2025,9,29,2,45,0.0,px min,SIM1
215,2025,9,29,2,45,0.0,px max,SIM1
216,2025,9,29,2,45,30.0,count sample,SIM1
217,2025,9,29,3,0,0.0,px moyen,SIM1
218,2025,9,29,3,0,0.0,px min,SIM1
219,2025,9,29,3,0,0.0,px max,SIM1
220,2025,9,29,3,0,30.0,count sample,SIM1
221,2025,9,29,3,15,0.0,px moyen,SIM1
222,2025,9,29,3,15,0.0,px min,SIM1
223,2025,9,29,3,15,0.0,px max,SIM1
224,2025,9,29,3,15,30.0,count sample,SIM1
225,2025,9,29,3,30,0.0,px moyen,SIM1
226,2025,9,29,3,30,0.0,px min,SIM1
227,2025,9,29,3,30,0.0,px max,SIM1
228,2025,9,29,3,30,30.0,count sample,SIM1
229,2025,9,29,3,45,0.0,px moyen,SIM1
230,2025,9,29,3,45,0.0,px min,SIM1
231,2025,9,29,3,45,0.0,px max,SIM1
232,2025,9,29,3,45,30.0,count sample,SIM1
233,2025,9,29,4,0,0.0,px moyen,SIM1
234,2025,9,29,4,0,0.0,px min,SIM1
235,2025,9,29,4,0,0.0,px max,SIM1
236,2025,9,29,4,0,30.0,count sample,SIM1
237,2025,9,29,4,15,0.0,px moyen,SIM1
238,2025,9,29,4,15,0.0,px min,SIM1
239,2025,9,29,4,15,0.0,px max,SIM1
240,2025,9,29,4,15,30.0,count sample,SIM1
241,2025,9,29,4,30,0.0,px moyen,SIM1
242,2025,9,29,4,30,0.0,px min,SIM1
243,2025,9,29,4,30,0.0,px max,SIM1
244,2025,9,29,4,30,30.0,count sample,SIM1
245,2025,9,29,4,45,0.0,px moyen,SIM1
246,2025,9,29,4,45,0.0,px min,SIM1
247,2025,9,29,4,45,0.0,px max,SIM1
248,2025,9,29,4,45,30.0,count sample,SIM1
249,2025,10,4,20,20,0.0,px moyen,SIM1
250,2025,10,4,20,20,0.0,px min,SIM1
251,2025,10,4,20,20,0.0,px max,SIM1
252,2025,10,4,20,20,30.0,count sample,SIM1
253,2025,10,4,20,25,0.0,px moyen,SIM1
254,2025,10,4,20,25,0.0,px min,SIM1
255,2025,10,4,20,25,0.0,px max,SIM1
256,2025,10,4,20,25,30.0,count sample,SIM1
257,2025,10,4,20,30,1.0666666666666667,px moyen,SIM1
258,2025,10,4,20,30,0.0,px min,SIM1
259,2025,10,4,20,30,5.0,px max,SIM1
260,2025,10,4,20,30,30.0,count sample,SIM1
261,2025,10,4,20,40,0.0,px moyen,SIM1
262,2025,10,4,20,40,0.0,px min,SIM1
263,2025,10,4,20,40,0.0,px max,SIM1
264,2025,10,4,20,40,30.0,count sample,SIM1
265,2025,10,4,20,50,0.0,px moyen,SIM1
266,2025,10,4,20,50,0.0,px min,SIM1
267,2025,10,4,20,50,0.0,px max,SIM1
268,2025,10,4,20,50,30.0,count sample,SIM1
269,2025,10,4,20,55,0.2,px moyen,SIM1
270,2025,10,4,20,55,0.0,px min,SIM1
271,2025,10,4,20,55,2.0,px max,SIM1
272,2025,10,4,20,55,30.0,count sample,SIM1
273,2025,10,4,21,25,0.0,px moyen,SIM1
274,2025,10,4,21,25,0.0,px min,SIM1
275,2025,10,4,21,25,0.0,px max,SIM1
276,2025,10,4,21,25,30.0,count sample,SIM1
277,2025,10,5,0,15,0.1,px moyen,SIM1
278,2025,10,5,0,15,0.0,px min,SIM1
279,2025,10,5,0,15,1.0,px max,SIM1
280,2025,10,5,0,15,30.0,count sample,SIM1
310,2025,10,5,0,25,7.066666666666666,px moyen,SIM1
311,2025,10,5,0,25,7.0,px min,SIM1
312,2025,10,5,0,25,8.0,px max,SIM1
313,2025,10,5,0,25,30.0,count sample,SIM1
314,2025,10,5,0,30,10.266666666666667,px moyen,SIM1
315,2025,10,5,0,30,8.0,px min,SIM1
316,2025,10,5,0,30,12.0,px max,SIM1
317,2025,10,5,0,30,30.0,count sample,SIM1
318,2025,10,5,0,35,0.0,px moyen,SIM1
319,2025,10,5,0,35,0.0,px min,SIM1
320,2025,10,5,0,35,0.0,px max,SIM1
321,2025,10,5,0,35,30.0,count sample,SIM1
322,2025,10,5,0,45,7.233333333333333,px moyen,SIM1
323,2025,10,5,0,45,7.0,px min,SIM1
324,2025,10,5,0,45,8.0,px max,SIM1
325,2025,10,5,0,45,30.0,count sample,SIM1
326,2025,10,5,1,0,6.866666666666666,px moyen,SIM1
327,2025,10,5,1,0,6.0,px min,SIM1
328,2025,10,5,1,0,10.0,px max,SIM1
329,2025,10,5,1,0,30.0,count sample,SIM1
330,2025,10,5,1,15,9.8,px moyen,SIM1
331,2025,10,5,1,15,9.0,px min,SIM1
332,2025,10,5,1,15,10.0,px max,SIM1
333,2025,10,5,1,15,30.0,count sample,SIM1
334,2025,10,5,1,30,5.233333333333333,px moyen,SIM1
335,2025,10,5,1,30,1.0,px min,SIM1
336,2025,10,5,1,30,7.0,px max,SIM1
337,2025,10,5,1,30,30.0,count sample,SIM1
338,2025,10,5,1,45,8.933333333333334,px moyen,SIM1
339,2025,10,5,1,45,0.0,px min,SIM1
340,2025,10,5,1,45,11.0,px max,SIM1
341,2025,10,5,1,45,30.0,count sample,SIM1
342,2025,10,5,2,0,0.0,px moyen,SIM1
343,2025,10,5,2,0,0.0,px min,SIM1
344,2025,10,5,2,0,0.0,px max,SIM1
345,2025,10,5,2,0,30.0,count sample,SIM1
346,2025,10,5,2,15,0.0,px moyen,SIM1
347,2025,10,5,2,15,0.0,px min,SIM1
348,2025,10,5,2,15,0.0,px max,SIM1
349,2025,10,5,2,15,30.0,count sample,SIM1
350,2025,10,5,2,30,0.0,px moyen,SIM1
351,2025,10,5,2,30,0.0,px min,SIM1
352,2025,10,5,2,30,0.0,px max,SIM1
353,2025,10,5,2,30,30.0,count sample,SIM1
354,2025,10,5,2,45,0.0,px moyen,SIM1
355,2025,10,5,2,45,0.0,px min,SIM1
356,2025,10,5,2,45,0.0,px max,SIM1
357,2025,10,5,2,45,30.0,count sample,SIM1
358,2025,10,5,3,0,0.0,px moyen,SIM1
359,2025,10,5,3,0,0.0,px min,SIM1
360,2025,10,5,3,0,0.0,px max,SIM1
361,2025,10,5,3,0,30.0,count sample,SIM1
362,2025,10,5,3,15,0.0,px moyen,SIM1
363,2025,10,5,3,15,0.0,px min,SIM1
364,2025,10,5,3,15,0.0,px max,SIM1
365,2025,10,5,3,15,30.0,count sample,SIM1
366,2025,10,5,3,30,0.0,px moyen,SIM1
367,2025,10,5,3,30,0.0,px min,SIM1
368,2025,10,5,3,30,0.0,px max,SIM1
369,2025,10,5,3,30,30.0,count sample,SIM1
370,2025,10,5,3,45,0.0,px moyen,SIM1
371,2025,10,5,3,45,0.0,px min,SIM1
372,2025,10,5,3,45,0.0,px max,SIM1
373,2025,10,5,3,45,30.0,count sample,SIM1
374,2025,10,5,4,0,0.0,px moyen,SIM1
375,2025,10,5,4,0,0.0,px min,SIM1
376,2025,10,5,4,0,0.0,px max,SIM1
377,2025,10,5,4,0,30.0,count sample,SIM1
378,2025,10,5,4,15,0.0,px moyen,SIM1
379,2025,10,5,4,15,0.0,px min,SIM1
380,2025,10,5,4,15,0.0,px max,SIM1
381,2025,10,5,4,15,30.0,count sample,SIM1
382,2025,10,5,4,30,0.0,px moyen,SIM1
383,2025,10,5,4,30,0.0,px min,SIM1
384,2025,10,5,4,30,0.0,px max,SIM1
385,2025,10,5,4,30,30.0,count sample,SIM1
386,2025,10,5,4,45,0.0,px moyen,SIM1
387,2025,10,5,4,45,0.0,px min,SIM1
388,2025,10,5,4,45,0.0,px max,SIM1
389,2025,10,5,4,45,30.0,count sample,SIM1
390,2025,10,6,19,0,0.0,px moyen,SIM1
391,2025,10,6,19,0,0.0,px min,SIM1
392,2025,10,6,19,0,0.0,px max,SIM1
393,2025,10,6,19,0,30.0,count sample,SIM1
394,2025,10,6,19,15,0.0,px moyen,SIM1
395,2025,10,6,19,15,0.0,px min,SIM1
396,2025,10,6,19,15,0.0,px max,SIM1
397,2025,10,6,19,15,30.0,count sample,SIM1
398,2025,10,6,19,30,0.0,px moyen,SIM1
399,2025,10,6,19,30,0.0,px min,SIM1
400,2025,10,6,19,30,0.0,px max,SIM1
401,2025,10,6,19,30,30.0,count sample,SIM1
402,2025,10,6,19,45,0.0,px moyen,SIM1
403,2025,10,6,19,45,0.0,px min,SIM1
404,2025,10,6,19,45,0.0,px max,SIM1
405,2025,10,6,19,45,30.0,count sample,SIM1
406,2025,10,6,20,0,0.0,px moyen,SIM1
407,2025,10,6,20,0,0.0,px min,SIM1
408,2025,10,6,20,0,0.0,px max,SIM1
409,2025,10,6,20,0,30.0,count sample,SIM1
410,2025,10,6,20,15,0.0,px moyen,SIM1
411,2025,10,6,20,15,0.0,px min,SIM1
412,2025,10,6,20,15,0.0,px max,SIM1
413,2025,10,6,20,15,30.0,count sample,SIM1
414,2025,10,6,20,30,0.0,px moyen,SIM1
415,2025,10,6,20,30,0.0,px min,SIM1
416,2025,10,6,20,30,0.0,px max,SIM1
417,2025,10,6,20,30,30.0,count sample,SIM1
418,2025,10,6,20,45,0.0,px moyen,SIM1
419,2025,10,6,20,45,0.0,px min,SIM1
420,2025,10,6,20,45,0.0,px max,SIM1
421,2025,10,6,20,45,30.0,count sample,SIM1
422,2025,10,6,21,0,0.0,px moyen,SIM1
423,2025,10,6,21,0,0.0,px min,SIM1
424,2025,10,6,21,0,0.0,px max,SIM1
425,2025,10,6,21,0,30.0,count sample,SIM1
426,2025,10,6,21,15,0.0,px moyen,SIM1
427,2025,10,6,21,15,0.0,px min,SIM1
428,2025,10,6,21,15,0.0,px max,SIM1
429,2025,10,6,21,15,30.0,count sample,SIM1
430,2025,10,6,21,30,0.0,px moyen,SIM1
431,2025,10,6,21,30,0.0,px min,SIM1
432,2025,10,6,21,30,0.0,px max,SIM1
433,2025,10,6,21,30,30.0,count sample,SIM1
434,2025,10,6,21,45,0.0,px moyen,SIM1
435,2025,10,6,21,45,0.0,px min,SIM1
436,2025,10,6,21,45,0.0,px max,SIM1
437,2025,10,6,21,45,30.0,count sample,SIM1
438,2025,10,6,22,0,0.0,px moyen,SIM1
439,2025,10,6,22,0,0.0,px min,SIM1
440,2025,10,6,22,0,0.0,px max,SIM1
441,2025,10,6,22,0,30.0,count sample,SIM1
442,2025,10,6,22,15,0.0,px moyen,SIM1
443,2025,10,6,22,15,0.0,px min,SIM1
444,2025,10,6,22,15,0.0,px max,SIM1
445,2025,10,6,22,15,30.0,count sample,SIM1
446,2025,10,6,22,30,0.0,px moyen,SIM1
447,2025,10,6,22,30,0.0,px min,SIM1
448,2025,10,6,22,30,0.0,px max,SIM1
449,2025,10,6,22,30,30.0,count sample,SIM1
450,2025,10,6,22,45,0.0,px moyen,SIM1
451,2025,10,6,22,45,0.0,px min,SIM1
452,2025,10,6,22,45,0.0,px max,SIM1
453,2025,10,6,22,45,30.0,count sample,SIM1
454,2025,10,6,23,0,0.0,px moyen,SIM1
455,2025,10,6,23,0,0.0,px min,SIM1
456,2025,10,6,23,0,0.0,px max,SIM1
457,2025,10,6,23,0,30.0,count sample,SIM1
458,2025,10,6,23,15,0.0,px moyen,SIM1
459,2025,10,6,23,15,0.0,px min,SIM1
460,2025,10,6,23,15,0.0,px max,SIM1
461,2025,10,6,23,15,30.0,count sample,SIM1
462,2025,10,6,23,30,0.0,px moyen,SIM1
463,2025,10,6,23,30,0.0,px min,SIM1
464,2025,10,6,23,30,0.0,px max,SIM1
465,2025,10,6,23,30,30.0,count sample,SIM1
466,2025,10,6,23,45,0.0,px moyen,SIM1
467,2025,10,6,23,45,0.0,px min,SIM1
468,2025,10,6,23,45,0.0,px max,SIM1
469,2025,10,6,23,45,30.0,count sample,SIM1
470,2025,10,7,0,0,0.0,px moyen,SIM1
471,2025,10,7,0,0,0.0,px min,SIM1
472,2025,10,7,0,0,0.0,px max,SIM1
473,2025,10,7,0,0,30.0,count sample,SIM1
474,2025,10,7,0,15,0.0,px moyen,SIM1
475,2025,10,7,0,15,0.0,px min,SIM1
476,2025,10,7,0,15,0.0,px max,SIM1
477,2025,10,7,0,15,30.0,count sample,SIM1
478,2025,10,7,0,30,0.0,px moyen,SIM1
479,2025,10,7,0,30,0.0,px min,SIM1
480,2025,10,7,0,30,0.0,px max,SIM1
481,2025,10,7,0,30,30.0,count sample,SIM1
482,2025,10,7,0,45,0.0,px moyen,SIM1
483,2025,10,7,0,45,0.0,px min,SIM1
484,2025,10,7,0,45,0.0,px max,SIM1
485,2025,10,7,0,45,30.0,count sample,SIM1
486,2025,10,7,1,0,0.0,px moyen,SIM1
487,2025,10,7,1,0,0.0,px min,SIM1
488,2025,10,7,1,0,0.0,px max,SIM1
489,2025,10,7,1,0,30.0,count sample,SIM1
490,2025,10,7,1,15,0.0,px moyen,SIM1
491,2025,10,7,1,15,0.0,px min,SIM1
492,2025,10,7,1,15,0.0,px max,SIM1
493,2025,10,7,1,15,30.0,count sample,SIM1
494,2025,10,7,1,30,0.0,px moyen,SIM1
495,2025,10,7,1,30,0.0,px min,SIM1
496,2025,10,7,1,30,0.0,px max,SIM1
497,2025,10,7,1,30,30.0,count sample,SIM1
498,2025,10,7,1,45,0.0,px moyen,SIM1
499,2025,10,7,1,45,0.0,px min,SIM1
500,2025,10,7,1,45,0.0,px max,SIM1
501,2025,10,7,1,45,30.0,count sample,SIM1
502,2025,10,7,2,0,0.0,px moyen,SIM1
503,2025,10,7,2,0,0.0,px min,SIM1
504,2025,10,7,2,0,0.0,px max,SIM1
505,2025,10,7,2,0,30.0,count sample,SIM1
506,2025,10,7,2,15,0.1,px moyen,SIM1
507,2025,10,7,2,15,0.0,px min,SIM1
508,2025,10,7,2,15,3.0,px max,SIM1
509,2025,10,7,2,15,30.0,count sample,SIM1
510,2025,10,7,2,30,0.0,px moyen,SIM1
511,2025,10,7,2,30,0.0,px min,SIM1
512,2025,10,7,2,30,0.0,px max,SIM1
513,2025,10,7,2,30,30.0,count sample,SIM1
514,2025,10,7,2,45,0.0,px moyen,SIM1
515,2025,10,7,2,45,0.0,px min,SIM1
516,2025,10,7,2,45,0.0,px max,SIM1
517,2025,10,7,2,45,30.0,count sample,SIM1
518,2025,10,7,3,0,0.0,px moyen,SIM1
519,2025,10,7,3,0,0.0,px min,SIM1
520,2025,10,7,3,0,0.0,px max,SIM1
521,2025,10,7,3,0,30.0,count sample,SIM1
522,2025,10,7,3,15,0.0,px moyen,SIM1
523,2025,10,7,3,15,0.0,px min,SIM1
524,2025,10,7,3,15,0.0,px max,SIM1
525,2025,10,7,3,15,30.0,count sample,SIM1
526,2025,10,7,3,30,0.0,px moyen,SIM1
527,2025,10,7,3,30,0.0,px min,SIM1
528,2025,10,7,3,30,0.0,px max,SIM1
529,2025,10,7,3,30,30.0,count sample,SIM1
530,2025,10,7,3,45,0.0,px moyen,SIM1
531,2025,10,7,3,45,0.0,px min,SIM1
532,2025,10,7,3,45,0.0,px max,SIM1
533,2025,10,7,3,45,30.0,count sample,SIM1
534,2025,10,7,4,0,0.0,px moyen,SIM1
535,2025,10,7,4,0,0.0,px min,SIM1
536,2025,10,7,4,0,0.0,px max,SIM1
537,2025,10,7,4,0,30.0,count sample,SIM1
538,2025,10,7,4,15,0.0,px moyen,SIM1
539,2025,10,7,4,15,0.0,px min,SIM1
540,2025,10,7,4,15,0.0,px max,SIM1
541,2025,10,7,4,15,30.0,count sample,SIM1
542,2025,10,7,4,30,0.0,px moyen,SIM1
543,2025,10,7,4,30,0.0,px min,SIM1
544,2025,10,7,4,30,0.0,px max,SIM1
545,2025,10,7,4,30,30.0,count sample,SIM1
546,2025,10,7,4,45,0.0,px moyen,SIM1
547,2025,10,7,4,45,0.0,px min,SIM1
548,2025,10,7,4,45,0.0,px max,SIM1
549,2025,10,7,4,45,30.0,count sample,SIM1
550,2025,10,11,14,15,0.0,px moyen,SIM1
551,2025,10,11,14,15,0.0,px min,SIM1
552,2025,10,11,14,15,0.0,px max,SIM1
553,2025,10,11,14,15,30.0,count sample,SIM1
554,2025,10,11,14,30,0.0,px moyen,SIM1
555,2025,10,11,14,30,0.0,px min,SIM1
556,2025,10,11,14,30,0.0,px max,SIM1
557,2025,10,11,14,30,30.0,count sample,SIM1
558,2025,10,11,14,45,0.0,px moyen,SIM1
559,2025,10,11,14,45,0.0,px min,SIM1
560,2025,10,11,14,45,0.0,px max,SIM1
561,2025,10,11,14,45,30.0,count sample,SIM1
562,2025,10,11,15,0,0.0,px moyen,SIM1
563,2025,10,11,15,0,0.0,px min,SIM1
564,2025,10,11,15,0,0.0,px max,SIM1
565,2025,10,11,15,0,30.0,count sample,SIM1
566,2025,10,11,15,15,0.0,px moyen,SIM1
567,2025,10,11,15,15,0.0,px min,SIM1
568,2025,10,11,15,15,0.0,px max,SIM1
569,2025,10,11,15,15,30.0,count sample,SIM1
570,2025,10,11,15,30,0.0,px moyen,SIM1
571,2025,10,11,15,30,0.0,px min,SIM1
572,2025,10,11,15,30,0.0,px max,SIM1
573,2025,10,11,15,30,30.0,count sample,SIM1
574,2025,10,11,15,45,0.0,px moyen,SIM1
575,2025,10,11,15,45,0.0,px min,SIM1
576,2025,10,11,15,45,0.0,px max,SIM1
577,2025,10,11,15,45,30.0,count sample,SIM1
578,2025,10,11,16,0,0.0,px moyen,SIM1
579,2025,10,11,16,0,0.0,px min,SIM1
580,2025,10,11,16,0,0.0,px max,SIM1
581,2025,10,11,16,0,30.0,count sample,SIM1
582,2025,10,11,16,15,0.0,px moyen,SIM1
583,2025,10,11,16,15,0.0,px min,SIM1
584,2025,10,11,16,15,0.0,px max,SIM1
585,2025,10,11,16,15,30.0,count sample,SIM1
586,2025,10,11,16,30,0.0,px moyen,SIM1
587,2025,10,11,16,30,0.0,px min,SIM1
588,2025,10,11,16,30,0.0,px max,SIM1
589,2025,10,11,16,30,30.0,count sample,SIM1
590,2025,10,11,16,45,0.0,px moyen,SIM1
591,2025,10,11,16,45,0.0,px min,SIM1
592,2025,10,11,16,45,0.0,px max,SIM1
593,2025,10,11,16,45,30.0,count sample,SIM1
594,2025,10,11,17,0,0.0,px moyen,SIM1
595,2025,10,11,17,0,0.0,px min,SIM1
596,2025,10,11,17,0,0.0,px max,SIM1
597,2025,10,11,17,0,30.0,count sample,SIM1
598,2025,10,11,17,15,0.0,px moyen,SIM1
599,2025,10,11,17,15,0.0,px min,SIM1
600,2025,10,11,17,15,0.0,px max,SIM1
601,2025,10,11,17,15,30.0,count sample,SIM1
602,2025,10,11,17,30,0.0,px moyen,SIM1
603,2025,10,11,17,30,0.0,px min,SIM1
604,2025,10,11,17,30,0.0,px max,SIM1
605,2025,10,11,17,30,30.0,count sample,SIM1
606,2025,10,11,17,45,0.0,px moyen,SIM1
607,2025,10,11,17,45,0.0,px min,SIM1
608,2025,10,11,17,45,0.0,px max,SIM1
609,2025,10,11,17,45,30.0,count sample,SIM1
610,2025,10,11,18,0,0.0,px moyen,SIM1
611,2025,10,11,18,0,0.0,px min,SIM1
612,2025,10,11,18,0,0.0,px max,SIM1
613,2025,10,11,18,0,30.0,count sample,SIM1
614,2025,10,11,18,15,0.0,px moyen,SIM1
615,2025,10,11,18,15,0.0,px min,SIM1
616,2025,10,11,18,15,0.0,px max,SIM1
617,2025,10,11,18,15,30.0,count sample,SIM1
618,2025,10,11,18,30,0.0,px moyen,SIM1
619,2025,10,11,18,30,0.0,px min,SIM1
620,2025,10,11,18,30,0.0,px max,SIM1
621,2025,10,11,18,30,30.0,count sample,SIM1
622,2025,10,11,18,45,0.0,px moyen,SIM1
623,2025,10,11,18,45,0.0,px min,SIM1
624,2025,10,11,18,45,0.0,px max,SIM1
625,2025,10,11,18,45,30.0,count sample,SIM1
626,2025,10,11,19,0,0.0,px moyen,SIM1
627,2025,10,11,19,0,0.0,px min,SIM1
628,2025,10,11,19,0,0.0,px max,SIM1
629,2025,10,11,19,0,30.0,count sample,SIM1
630,2025,10,11,19,15,0.0,px moyen,SIM1
631,2025,10,11,19,15,0.0,px min,SIM1
632,2025,10,11,19,15,0.0,px max,SIM1
633,2025,10,11,19,15,30.0,count sample,SIM1
634,2025,10,11,19,30,0.0,px moyen,SIM1
635,2025,10,11,19,30,0.0,px min,SIM1
636,2025,10,11,19,30,0.0,px max,SIM1
637,2025,10,11,19,30,30.0,count sample,SIM1
638,2025,10,11,19,45,0.0,px moyen,SIM1
639,2025,10,11,19,45,0.0,px min,SIM1
640,2025,10,11,19,45,0.0,px max,SIM1
641,2025,10,11,19,45,30.0,count sample,SIM1
642,2025,10,11,20,0,0.0,px moyen,SIM1
643,2025,10,11,20,0,0.0,px min,SIM1
644,2025,10,11,20,0,0.0,px max,SIM1
645,2025,10,11,20,0,30.0,count sample,SIM1
646,2025,10,11,20,15,0.0,px moyen,SIM1
647,2025,10,11,20,15,0.0,px min,SIM1
648,2025,10,11,20,15,0.0,px max,SIM1
649,2025,10,11,20,15,30.0,count sample,SIM1
650,2025,10,11,20,30,0.0,px moyen,SIM1
651,2025,10,11,20,30,0.0,px min,SIM1
652,2025,10,11,20,30,0.0,px max,SIM1
653,2025,10,11,20,30,30.0,count sample,SIM1
654,2025,10,11,20,45,0.0,px moyen,SIM1
655,2025,10,11,20,45,0.0,px min,SIM1
656,2025,10,11,20,45,0.0,px max,SIM1
657,2025,10,11,20,45,30.0,count sample,SIM1
658,2025,10,11,21,0,0.0,px moyen,SIM1
659,2025,10,11,21,0,0.0,px min,SIM1
660,2025,10,11,21,0,0.0,px max,SIM1
661,2025,10,11,21,0,30.0,count sample,SIM1
662,2025,10,11,21,15,0.0,px moyen,SIM1
663,2025,10,11,21,15,0.0,px min,SIM1
664,2025,10,11,21,15,0.0,px max,SIM1
665,2025,10,11,21,15,30.0,count sample,SIM1
666,2025,10,11,21,30,0.0,px moyen,SIM1
667,2025,10,11,21,30,0.0,px min,SIM1
668,2025,10,11,21,30,0.0,px max,SIM1
669,2025,10,11,21,30,30.0,count sample,SIM1
670,2025,10,11,21,45,0.0,px moyen,SIM1
671,2025,10,11,21,45,0.0,px min,SIM1
672,2025,10,11,21,45,0.0,px max,SIM1
673,2025,10,11,21,45,30.0,count sample,SIM1
674,2025,10,11,22,0,0.0,px moyen,SIM1
675,2025,10,11,22,0,0.0,px min,SIM1
676,2025,10,11,22,0,0.0,px max,SIM1
677,2025,10,11,22,0,30.0,count sample,SIM1
678,2025,10,11,22,15,0.0,px moyen,SIM1
679,2025,10,11,22,15,0.0,px min,SIM1
680,2025,10,11,22,15,0.0,px max,SIM1
681,2025,10,11,22,15,30.0,count sample,SIM1
682,2025,10,11,22,30,0.0,px moyen,SIM1
683,2025,10,11,22,30,0.0,px min,SIM1
684,2025,10,11,22,30,0.0,px max,SIM1
685,2025,10,11,22,30,30.0,count sample,SIM1
686,2025,10,11,22,45,0.0,px moyen,SIM1
687,2025,10,11,22,45,0.0,px min,SIM1
688,2025,10,11,22,45,0.0,px max,SIM1
689,2025,10,11,22,45,30.0,count sample,SIM1
690,2025,10,11,23,0,0.0,px moyen,SIM1
691,2025,10,11,23,0,0.0,px min,SIM1
692,2025,10,11,23,0,0.0,px max,SIM1
693,2025,10,11,23,0,30.0,count sample,SIM1
694,2025,10,11,23,15,0.0,px moyen,SIM1
695,2025,10,11,23,15,0.0,px min,SIM1
696,2025,10,11,23,15,0.0,px max,SIM1
697,2025,10,11,23,15,30.0,count sample,SIM1
698,2025,10,11,23,30,0.0,px moyen,SIM1
699,2025,10,11,23,30,0.0,px min,SIM1
700,2025,10,11,23,30,0.0,px max,SIM1
701,2025,10,11,23,30,30.0,count sample,SIM1
702,2025,10,11,23,45,0.0,px moyen,SIM1
703,2025,10,11,23,45,0.0,px min,SIM1
704,2025,10,11,23,45,0.0,px max,SIM1
705,2025,10,11,23,45,30.0,count sample,SIM1
706,2025,10,12,0,0,0.0,px moyen,SIM1
707,2025,10,12,0,0,0.0,px min,SIM1
708,2025,10,12,0,0,0.0,px max,SIM1
709,2025,10,12,0,0,30.0,count sample,SIM1
710,2025,10,12,0,15,0.0,px moyen,SIM1
711,2025,10,12,0,15,0.0,px min,SIM1
712,2025,10,12,0,15,0.0,px max,SIM1
713,2025,10,12,0,15,30.0,count sample,SIM1
714,2025,10,12,0,30,0.0,px moyen,SIM1
715,2025,10,12,0,30,0.0,px min,SIM1
716,2025,10,12,0,30,0.0,px max,SIM1
717,2025,10,12,0,30,30.0,count sample,SIM1
718,2025,10,12,0,45,0.0,px moyen,SIM1
719,2025,10,12,0,45,0.0,px min,SIM1
720,2025,10,12,0,45,0.0,px max,SIM1
721,2025,10,12,0,45,30.0,count sample,SIM1
722,2025,10,12,1,0,0.0,px moyen,SIM1
723,2025,10,12,1,0,0.0,px min,SIM1
724,2025,10,12,1,0,0.0,px max,SIM1
725,2025,10,12,1,0,30.0,count sample,SIM1
726,2025,10,12,1,15,0.0,px moyen,SIM1
727,2025,10,12,1,15,0.0,px min,SIM1
728,2025,10,12,1,15,0.0,px max,SIM1
729,2025,10,12,1,15,30.0,count sample,SIM1
730,2025,10,12,1,30,0.0,px moyen,SIM1
731,2025,10,12,1,30,0.0,px min,SIM1
732,2025,10,12,1,30,0.0,px max,SIM1
733,2025,10,12,1,30,30.0,count sample,SIM1
734,2025,10,12,1,45,0.0,px moyen,SIM1
735,2025,10,12,1,45,0.0,px min,SIM1
736,2025,10,12,1,45,0.0,px max,SIM1
737,2025,10,12,1,45,30.0,count sample,SIM1
738,2025,10,12,2,0,0.0,px moyen,SIM1
739,2025,10,12,2,0,0.0,px min,SIM1
740,2025,10,12,2,0,0.0,px max,SIM1
741,2025,10,12,2,0,30.0,count sample,SIM1
742,2025,10,12,2,15,0.0,px moyen,SIM1
743,2025,10,12,2,15,0.0,px min,SIM1
744,2025,10,12,2,15,0.0,px max,SIM1
745,2025,10,12,2,15,30.0,count sample,SIM1
746,2025,10,12,2,30,0.0,px moyen,SIM1
747,2025,10,12,2,30,0.0,px min,SIM1
748,2025,10,12,2,30,0.0,px max,SIM1
749,2025,10,12,2,30,30.0,count sample,SIM1
750,2025,10,12,2,45,0.0,px moyen,SIM1
751,2025,10,12,2,45,0.0,px min,SIM1
752,2025,10,12,2,45,0.0,px max,SIM1
753,2025,10,12,2,45,30.0,count sample,SIM1
754,2025,10,12,3,0,0.0,px moyen,SIM1
755,2025,10,12,3,0,0.0,px min,SIM1
756,2025,10,12,3,0,0.0,px max,SIM1
757,2025,10,12,3,0,30.0,count sample,SIM1
758,2025,10,12,3,15,0.0,px moyen,SIM1
759,2025,10,12,3,15,0.0,px min,SIM1
760,2025,10,12,3,15,0.0,px max,SIM1
761,2025,10,12,3,15,30.0,count sample,SIM1
762,2025,10,12,3,30,0.0,px moyen,SIM1
763,2025,10,12,3,30,0.0,px min,SIM1
764,2025,10,12,3,30,0.0,px max,SIM1
765,2025,10,12,3,30,30.0,count sample,SIM1
766,2025,10,12,3,45,0.0,px moyen,SIM1
767,2025,10,12,3,45,0.0,px min,SIM1
768,2025,10,12,3,45,0.0,px max,SIM1
769,2025,10,12,3,45,30.0,count sample,SIM1
770,2025,10,12,4,0,0.0,px moyen,SIM1
771,2025,10,12,4,0,0.0,px min,SIM1
772,2025,10,12,4,0,0.0,px max,SIM1
773,2025,10,12,4,0,30.0,count sample,SIM1
774,2025,10,12,4,15,0.0,px moyen,SIM1
775,2025,10,12,4,15,0.0,px min,SIM1
776,2025,10,12,4,15,0.0,px max,SIM1
777,2025,10,12,4,15,30.0,count sample,SIM1
778,2025,10,12,4,30,0.0,px moyen,SIM1
779,2025,10,12,4,30,0.0,px min,SIM1
780,2025,10,12,4,30,0.0,px max,SIM1
781,2025,10,12,4,30,30.0,count sample,SIM1
782,2025,10,12,4,45,0.0,px moyen,SIM1
783,2025,10,12,4,45,0.0,px min,SIM1
784,2025,10,12,4,45,0.0,px max,SIM1
785,2025,10,12,4,45,30.0,count sample,SIM1
786,2025,10,12,9,30,0.0,px moyen,SIM1
787,2025,10,12,9,30,0.0,px min,SIM1
788,2025,10,12,9,30,0.0,px max,SIM1
789,2025,10,12,9,30,30.0,count sample,SIM1
790,2025,10,12,9,45,0.0,px moyen,SIM1
791,2025,10,12,9,45,0.0,px min,SIM1
792,2025,10,12,9,45,0.0,px max,SIM1
793,2025,10,12,9,45,30.0,count sample,SIM1
794,2025,10,12,10,0,0.0,px moyen,SIM1
795,2025,10,12,10,0,0.0,px min,SIM1
796,2025,10,12,10,0,0.0,px max,SIM1
797,2025,10,12,10,0,30.0,count sample,SIM1
798,2025,10,12,10,15,0.0,px moyen,SIM1
799,2025,10,12,10,15,0.0,px min,SIM1
800,2025,10,12,10,15,0.0,px max,SIM1
801,2025,10,12,10,15,30.0,count sample,SIM1
802,2025,10,12,10,30,0.0,px moyen,SIM1
803,2025,10,12,10,30,0.0,px min,SIM1
804,2025,10,12,10,30,0.0,px max,SIM1
805,2025,10,12,10,30,30.0,count sample,SIM1
806,2025,10,12,10,45,0.0,px moyen,SIM1
807,2025,10,12,10,45,0.0,px min,SIM1
808,2025,10,12,10,45,0.0,px max,SIM1
809,2025,10,12,10,45,30.0,count sample,SIM1
810,2025,10,12,11,0,0.0,px moyen,SIM1
811,2025,10,12,11,0,0.0,px min,SIM1
812,2025,10,12,11,0,0.0,px max,SIM1
813,2025,10,12,11,0,30.0,count sample,SIM1
814,2025,10,12,11,15,0.0,px moyen,SIM1
815,2025,10,12,11,15,0.0,px min,SIM1
816,2025,10,12,11,15,0.0,px max,SIM1
817,2025,10,12,11,15,30.0,count sample,SIM1
818,2025,10,12,11,30,0.0,px moyen,SIM1
819,2025,10,12,11,30,0.0,px min,SIM1
820,2025,10,12,11,30,0.0,px max,SIM1
821,2025,10,12,11,30,30.0,count sample,SIM1
822,2025,10,12,11,45,0.0,px moyen,SIM1
823,2025,10,12,11,45,0.0,px min,SIM1
824,2025,10,12,11,45,0.0,px max,SIM1
825,2025,10,12,11,45,30.0,count sample,SIM1
826,2025,10,12,12,0,0.0,px moyen,SIM1
827,2025,10,12,12,0,0.0,px min,SIM1
828,2025,10,12,12,0,0.0,px max,SIM1
829,2025,10,12,12,0,30.0,count sample,SIM1
830,2025,10,12,12,15,0.0,px moyen,SIM1
831,2025,10,12,12,15,0.0,px min,SIM1
832,2025,10,12,12,15,0.0,px max,SIM1
833,2025,10,12,12,15,30.0,count sample,SIM1
834,2025,10,12,12,30,0.0,px moyen,SIM1
835,2025,10,12,12,30,0.0,px min,SIM1
836,2025,10,12,12,30,0.0,px max,SIM1
837,2025,10,12,12,30,30.0,count sample,SIM1
838,2025,10,12,12,45,0.0,px moyen,SIM1
839,2025,10,12,12,45,0.0,px min,SIM1
840,2025,10,12,12,45,0.0,px max,SIM1
841,2025,10,12,12,45,30.0,count sample,SIM1
842,2025,10,12,13,0,0.0,px moyen,SIM1
843,2025,10,12,13,0,0.0,px min,SIM1
844,2025,10,12,13,0,0.0,px max,SIM1
845,2025,10,12,13,0,30.0,count sample,SIM1
846,2025,10,12,13,15,0.0,px moyen,SIM1
847,2025,10,12,13,15,0.0,px min,SIM1
848,2025,10,12,13,15,0.0,px max,SIM1
849,2025,10,12,13,15,30.0,count sample,SIM1
850,2025,10,12,13,30,0.0,px moyen,SIM1
851,2025,10,12,13,30,0.0,px min,SIM1
852,2025,10,12,13,30,0.0,px max,SIM1
853,2025,10,12,13,30,30.0,count sample,SIM1
854,2025,10,12,13,45,0.0,px moyen,SIM1
855,2025,10,12,13,45,0.0,px min,SIM1
856,2025,10,12,13,45,0.0,px max,SIM1
857,2025,10,12,13,45,30.0,count sample,SIM1
858,2025,10,12,14,0,0.0,px moyen,SIM1
859,2025,10,12,14,0,0.0,px min,SIM1
860,2025,10,12,14,0,0.0,px max,SIM1
861,2025,10,12,14,0,30.0,count sample,SIM1
862,2025,10,12,14,15,0.0,px moyen,SIM1
863,2025,10,12,14,15,0.0,px min,SIM1
864,2025,10,12,14,15,0.0,px max,SIM1
865,2025,10,12,14,15,30.0,count sample,SIM1
866,2025,10,12,14,30,0.0,px moyen,SIM1
867,2025,10,12,14,30,0.0,px min,SIM1
868,2025,10,12,14,30,0.0,px max,SIM1
869,2025,10,12,14,30,30.0,count sample,SIM1
